entity,from_file,to_file,sheet,cell,old_cached_value,new_cached_value,old_formula,new_formula
33,reporting/bscr/reconcile/filled in templates/2026 BSCR - UKEU - 33.xlsx,reporting/bscr/reconcile/2026 BSCR - UKEU - 33.xlsx,Schedule X(a),E21,,53.23,,
33,reporting/bscr/reconcile/filled in templates/2026 BSCR - UKEU - 33.xlsx,reporting/bscr/reconcile/2026 BSCR - UKEU - 33.xlsx,Schedule X(a),E25,25152755.367618699,32031,,
33,reporting/bscr/reconcile/filled in templates/2026 BSCR - UKEU - 33.xlsx,reporting/bscr/reconcile/2026 BSCR - UKEU - 33.xlsx,Schedule X(a),E26,4645929.1420892598,8197,,
33,reporting/bscr/reconcile/filled in templates/2026 BSCR - UKEU - 33.xlsx,reporting/bscr/reconcile/2026 BSCR - UKEU - 33.xlsx,Schedule X(a),J21,,47.62,,
33,reporting/bscr/reconcile/filled in templates/2026 BSCR - UKEU - 33.xlsx,reporting/bscr/reconcile/2026 BSCR - UKEU - 33.xlsx,Schedule X(a),J25,18626528.497776199,23725,,
33,reporting/bscr/reconcile/filled in templates/2026 BSCR - UKEU - 33.xlsx,reporting/bscr/reconcile/2026 BSCR - UKEU - 33.xlsx,Schedule X(a),J26,2931952.65135181,5378,,
33,reporting/bscr/reconcile/filled in templates/2026 BSCR - UKEU - 33.xlsx,reporting/bscr/reconcile/2026 BSCR - UKEU - 33.xlsx,Schedule X(b),E23,0,53.23,[3]Import!G4098,
33,reporting/bscr/reconcile/filled in templates/2026 BSCR - UKEU - 33.xlsx,reporting/bscr/reconcile/2026 BSCR - UKEU - 33.xlsx,Schedule X(b),E25,0,,[3]Import!G4099,
33,reporting/bscr/reconcile/filled in templates/2026 BSCR - UKEU - 33.xlsx,reporting/bscr/reconcile/2026 BSCR - UKEU - 33.xlsx,Schedule X(b),E26,0,,[3]Import!G4100,
33,reporting/bscr/reconcile/filled in templates/2026 BSCR - UKEU - 33.xlsx,reporting/bscr/reconcile/2026 BSCR - UKEU - 33.xlsx,Schedule X(b),E27,25152755.367618699,32031,,
33,reporting/bscr/reconcile/filled in templates/2026 BSCR - UKEU - 33.xlsx,reporting/bscr/reconcile/2026 BSCR - UKEU - 33.xlsx,Schedule X(b),E28,4645929.1420892598,8197,,
33,reporting/bscr/reconcile/filled in templates/2026 BSCR - UKEU - 33.xlsx,reporting/bscr/reconcile/2026 BSCR - UKEU - 33.xlsx,Schedule X(b),E29,0,,[3]Import!G4103,
33,reporting/bscr/reconcile/filled in templates/2026 BSCR - UKEU - 33.xlsx,reporting/bscr/reconcile/2026 BSCR - UKEU - 33.xlsx,Schedule X(b),J23,0,47.62,[3]Import!G4109,
33,reporting/bscr/reconcile/filled in templates/2026 BSCR - UKEU - 33.xlsx,reporting/bscr/reconcile/2026 BSCR - UKEU - 33.xlsx,Schedule X(b),J25,0,,[3]Import!G4110,
33,reporting/bscr/reconcile/filled in templates/2026 BSCR - UKEU - 33.xlsx,reporting/bscr/reconcile/2026 BSCR - UKEU - 33.xlsx,Schedule X(b),J26,0,,[3]Import!G4111,
33,reporting/bscr/reconcile/filled in templates/2026 BSCR - UKEU - 33.xlsx,reporting/bscr/reconcile/2026 BSCR - UKEU - 33.xlsx,Schedule X(b),J27,18626528.497776199,23725,,
33,reporting/bscr/reconcile/filled in templates/2026 BSCR - UKEU - 33.xlsx,reporting/bscr/reconcile/2026 BSCR - UKEU - 33.xlsx,Schedule X(b),J28,2931952.65135181,5378,,
33,reporting/bscr/reconcile/filled in templates/2026 BSCR - UKEU - 33.xlsx,reporting/bscr/reconcile/2026 BSCR - UKEU - 33.xlsx,Schedule X(b),J29,0,,[3]Import!G4114,
33,reporting/bscr/reconcile/filled in templates/2026 BSCR - UKEU - 33.xlsx,reporting/bscr/reconcile/2026 BSCR - UKEU - 33.xlsx,Schedule X(c),E113,,0.15,,
33,reporting/bscr/reconcile/filled in templates/2026 BSCR - UKEU - 33.xlsx,reporting/bscr/reconcile/2026 BSCR - UKEU - 33.xlsx,Schedule X(c),E115,86647.057543705436,116.97352768400236,,
33,reporting/bscr/reconcile/filled in templates/2026 BSCR - UKEU - 33.xlsx,reporting/bscr/reconcile/2026 BSCR - UKEU - 33.xlsx,Schedule X(c),E25,,5.5458002329999996,,
33,reporting/bscr/reconcile/filled in templates/2026 BSCR - UKEU - 33.xlsx,reporting/bscr/reconcile/2026 BSCR - UKEU - 33.xlsx,Schedule X(c),E27,29803.311966486785,4231.6941135024717,,
33,reporting/bscr/reconcile/filled in templates/2026 BSCR - UKEU - 33.xlsx,reporting/bscr/reconcile/2026 BSCR - UKEU - 33.xlsx,Schedule X(c),E47,,5.96,,
33,reporting/bscr/reconcile/filled in templates/2026 BSCR - UKEU - 33.xlsx,reporting/bscr/reconcile/2026 BSCR - UKEU - 33.xlsx,Schedule X(c),E49,229258.87165194299,309.49947673012304,,
33,reporting/bscr/reconcile/filled in templates/2026 BSCR - UKEU - 33.xlsx,reporting/bscr/reconcile/2026 BSCR - UKEU - 33.xlsx,Schedule X(c),E69,,28.96,,
33,reporting/bscr/reconcile/filled in templates/2026 BSCR - UKEU - 33.xlsx,reporting/bscr/reconcile/2026 BSCR - UKEU - 33.xlsx,Schedule X(c),E71,16212979.610098835,21887.522473633428,,
33,reporting/bscr/reconcile/filled in templates/2026 BSCR - UKEU - 33.xlsx,reporting/bscr/reconcile/2026 BSCR - UKEU - 33.xlsx,Schedule X(c),E91,,0.15,,
33,reporting/bscr/reconcile/filled in templates/2026 BSCR - UKEU - 33.xlsx,reporting/bscr/reconcile/2026 BSCR - UKEU - 33.xlsx,Schedule X(c),E93,86647.057543705436,116.97352768400236,,
33,reporting/bscr/reconcile/filled in templates/2026 BSCR - UKEU - 33.xlsx,reporting/bscr/reconcile/2026 BSCR - UKEU - 33.xlsx,Schedule X(c),F113,,0.11,,
33,reporting/bscr/reconcile/filled in templates/2026 BSCR - UKEU - 33.xlsx,reporting/bscr/reconcile/2026 BSCR - UKEU - 33.xlsx,Schedule X(c),F115,49147.118465199463,66.348609928019286,,
33,reporting/bscr/reconcile/filled in templates/2026 BSCR - UKEU - 33.xlsx,reporting/bscr/reconcile/2026 BSCR - UKEU - 33.xlsx,Schedule X(c),F25,,4.0599999999999996,,
33,reporting/bscr/reconcile/filled in templates/2026 BSCR - UKEU - 33.xlsx,reporting/bscr/reconcile/2026 BSCR - UKEU - 33.xlsx,Schedule X(c),F27,29803.311966486785,2523.6246426382877,,
33,reporting/bscr/reconcile/filled in templates/2026 BSCR - UKEU - 33.xlsx,reporting/bscr/reconcile/2026 BSCR - UKEU - 33.xlsx,Schedule X(c),F47,,4.33,,
33,reporting/bscr/reconcile/filled in templates/2026 BSCR - UKEU - 33.xlsx,reporting/bscr/reconcile/2026 BSCR - UKEU - 33.xlsx,Schedule X(c),F49,123111.03541646281,166.19989781222478,,
33,reporting/bscr/reconcile/filled in templates/2026 BSCR - UKEU - 33.xlsx,reporting/bscr/reconcile/2026 BSCR - UKEU - 33.xlsx,Schedule X(c),F69,,27.67,,
33,reporting/bscr/reconcile/filled in templates/2026 BSCR - UKEU - 33.xlsx,reporting/bscr/reconcile/2026 BSCR - UKEU - 33.xlsx,Schedule X(c),F71,12528055.713176856,16912.875212788756,,
33,reporting/bscr/reconcile/filled in templates/2026 BSCR - UKEU - 33.xlsx,reporting/bscr/reconcile/2026 BSCR - UKEU - 33.xlsx,Schedule X(c),F91,,0.11,,
33,reporting/bscr/reconcile/filled in templates/2026 BSCR - UKEU - 33.xlsx,reporting/bscr/reconcile/2026 BSCR - UKEU - 33.xlsx,Schedule X(c),F93,49147.118465199463,66.348609928019286,,
33,reporting/bscr/reconcile/filled in templates/2026 BSCR - UKEU - 33.xlsx,reporting/bscr/reconcile/2026 BSCR - UKEU - 33.xlsx,Schedule X(f),C49,,Territories covered individually too small to require modelled assessment of exposure,,
33,reporting/bscr/reconcile/filled in templates/2026 BSCR - UKEU - 33.xlsx,reporting/bscr/reconcile/2026 BSCR - UKEU - 33.xlsx,Schedule X(f),E10,106,432,,
33,reporting/bscr/reconcile/filled in templates/2026 BSCR - UKEU - 33.xlsx,reporting/bscr/reconcile/2026 BSCR - UKEU - 33.xlsx,Schedule X(f),E11,326,,,
33,reporting/bscr/reconcile/filled in templates/2026 BSCR - UKEU - 33.xlsx,reporting/bscr/reconcile/2026 BSCR - UKEU - 33.xlsx,Schedule X(f),E28,106,,,
33,reporting/bscr/reconcile/filled in templates/2026 BSCR - UKEU - 33.xlsx,reporting/bscr/reconcile/2026 BSCR - UKEU - 33.xlsx,Schedule X(f),E29,,106,,
33,reporting/bscr/reconcile/filled in templates/2026 BSCR - UKEU - 33.xlsx,reporting/bscr/reconcile/2026 BSCR - UKEU - 33.xlsx,Schedule X(f),E60,326,,,
33,reporting/bscr/reconcile/filled in templates/2026 BSCR - UKEU - 33.xlsx,reporting/bscr/reconcile/2026 BSCR - UKEU - 33.xlsx,Schedule X(f),E64,326,0,SUM(E60:E63),SUM(E60:E63)
33,reporting/bscr/reconcile/filled in templates/2026 BSCR - UKEU - 33.xlsx,reporting/bscr/reconcile/2026 BSCR - UKEU - 33.xlsx,Schedule X(f),F10,738973.41734851594,4191,,
33,reporting/bscr/reconcile/filled in templates/2026 BSCR - UKEU - 33.xlsx,reporting/bscr/reconcile/2026 BSCR - UKEU - 33.xlsx,Schedule X(f),F11,2365811.5029090499,,,
33,reporting/bscr/reconcile/filled in templates/2026 BSCR - UKEU - 33.xlsx,reporting/bscr/reconcile/2026 BSCR - UKEU - 33.xlsx,Schedule X(f),F12,3104784.9202575656,4191,"{""origin"": ""E12"", ""formula"": ""SUM(E10:E11)"", ""ref"": ""E12:M12""}","{""origin"": ""E12"", ""formula"": ""SUM(E10:E11)"", ""ref"": ""E12:M12""}"
33,reporting/bscr/reconcile/filled in templates/2026 BSCR - UKEU - 33.xlsx,reporting/bscr/reconcile/2026 BSCR - UKEU - 33.xlsx,Schedule X(f),F19,738973.41734851594,998,,
33,reporting/bscr/reconcile/filled in templates/2026 BSCR - UKEU - 33.xlsx,reporting/bscr/reconcile/2026 BSCR - UKEU - 33.xlsx,Schedule X(f),F20,2365811.5029090499,3194,,
33,reporting/bscr/reconcile/filled in templates/2026 BSCR - UKEU - 33.xlsx,reporting/bscr/reconcile/2026 BSCR - UKEU - 33.xlsx,Schedule X(f),F21,3104784.9202575656,4192,"{""origin"": ""E21"", ""formula"": ""SUM(E19:E20)"", ""ref"": ""E21:M21""}","{""origin"": ""E21"", ""formula"": ""SUM(E19:E20)"", ""ref"": ""E21:M21""}"
33,reporting/bscr/reconcile/filled in templates/2026 BSCR - UKEU - 33.xlsx,reporting/bscr/reconcile/2026 BSCR - UKEU - 33.xlsx,Schedule X(f),F28,738973.41734851594,,,
33,reporting/bscr/reconcile/filled in templates/2026 BSCR - UKEU - 33.xlsx,reporting/bscr/reconcile/2026 BSCR - UKEU - 33.xlsx,Schedule X(f),F29,,997.61411339999995,,
33,reporting/bscr/reconcile/filled in templates/2026 BSCR - UKEU - 33.xlsx,reporting/bscr/reconcile/2026 BSCR - UKEU - 33.xlsx,Schedule X(f),F33,738973.41734851594,997.61411339999995,"{""origin"": ""E33"", ""formula"": ""SUM(E28:E32)"", ""ref"": ""E33:M33""}",SUM(F28:F32)
33,reporting/bscr/reconcile/filled in templates/2026 BSCR - UKEU - 33.xlsx,reporting/bscr/reconcile/2026 BSCR - UKEU - 33.xlsx,Schedule X(f),F43,2365811.5029090499,3194,,
33,reporting/bscr/reconcile/filled in templates/2026 BSCR - UKEU - 33.xlsx,reporting/bscr/reconcile/2026 BSCR - UKEU - 33.xlsx,Schedule X(f),F46,2365811.5029090499,3194,"{""origin"": ""E46"", ""formula"": ""SUM(E43:E45)"", ""ref"": ""E46:M46""}","{""origin"": ""E46"", ""formula"": ""SUM(E43:E45)"", ""ref"": ""E46:M46""}"
33,reporting/bscr/reconcile/filled in templates/2026 BSCR - UKEU - 33.xlsx,reporting/bscr/reconcile/2026 BSCR - UKEU - 33.xlsx,Schedule X(f),F60,2365811.5029090499,,,
33,reporting/bscr/reconcile/filled in templates/2026 BSCR - UKEU - 33.xlsx,reporting/bscr/reconcile/2026 BSCR - UKEU - 33.xlsx,Schedule X(f),F64,2365811.5029090499,0,"{""origin"": ""E64"", ""formula"": ""SUM(E60:E63)"", ""ref"": ""E64:M64""}","{""origin"": ""E64"", ""formula"": ""SUM(E60:E63)"", ""ref"": ""E64:M64""}"
33,reporting/bscr/reconcile/filled in templates/2026 BSCR - UKEU - 33.xlsx,reporting/bscr/reconcile/2026 BSCR - UKEU - 33.xlsx,Schedule X(f),G10,426252.30981766497,2483,,
33,reporting/bscr/reconcile/filled in templates/2026 BSCR - UKEU - 33.xlsx,reporting/bscr/reconcile/2026 BSCR - UKEU - 33.xlsx,Schedule X(f),G11,1413295.9653553199,,,
33,reporting/bscr/reconcile/filled in templates/2026 BSCR - UKEU - 33.xlsx,reporting/bscr/reconcile/2026 BSCR - UKEU - 33.xlsx,Schedule X(f),G12,1839548.2751729849,2483,"{""origin"": ""E12"", ""formula"": ""SUM(E10:E11)"", ""ref"": ""E12:M12""}","{""origin"": ""E12"", ""formula"": ""SUM(E10:E11)"", ""ref"": ""E12:M12""}"
33,reporting/bscr/reconcile/filled in templates/2026 BSCR - UKEU - 33.xlsx,reporting/bscr/reconcile/2026 BSCR - UKEU - 33.xlsx,Schedule X(f),G19,426252.30981766497,575,,
33,reporting/bscr/reconcile/filled in templates/2026 BSCR - UKEU - 33.xlsx,reporting/bscr/reconcile/2026 BSCR - UKEU - 33.xlsx,Schedule X(f),G20,1413295.9653553199,1908,,
33,reporting/bscr/reconcile/filled in templates/2026 BSCR - UKEU - 33.xlsx,reporting/bscr/reconcile/2026 BSCR - UKEU - 33.xlsx,Schedule X(f),G21,1839548.2751729849,2483,"{""origin"": ""E21"", ""formula"": ""SUM(E19:E20)"", ""ref"": ""E21:M21""}","{""origin"": ""E21"", ""formula"": ""SUM(E19:E20)"", ""ref"": ""E21:M21""}"
33,reporting/bscr/reconcile/filled in templates/2026 BSCR - UKEU - 33.xlsx,reporting/bscr/reconcile/2026 BSCR - UKEU - 33.xlsx,Schedule X(f),G28,426252.30981766497,,,
33,reporting/bscr/reconcile/filled in templates/2026 BSCR - UKEU - 33.xlsx,reporting/bscr/reconcile/2026 BSCR - UKEU - 33.xlsx,Schedule X(f),G29,,575.44061820000002,,
33,reporting/bscr/reconcile/filled in templates/2026 BSCR - UKEU - 33.xlsx,reporting/bscr/reconcile/2026 BSCR - UKEU - 33.xlsx,Schedule X(f),G33,426252.30981766497,575.44061820000002,"{""origin"": ""E33"", ""formula"": ""SUM(E28:E32)"", ""ref"": ""E33:M33""}",SUM(G28:G32)
33,reporting/bscr/reconcile/filled in templates/2026 BSCR - UKEU - 33.xlsx,reporting/bscr/reconcile/2026 BSCR - UKEU - 33.xlsx,Schedule X(f),G43,1413295.9653553199,1908,,
33,reporting/bscr/reconcile/filled in templates/2026 BSCR - UKEU - 33.xlsx,reporting/bscr/reconcile/2026 BSCR - UKEU - 33.xlsx,Schedule X(f),G46,1413295.9653553199,1908,"{""origin"": ""E46"", ""formula"": ""SUM(E43:E45)"", ""ref"": ""E46:M46""}","{""origin"": ""E46"", ""formula"": ""SUM(E43:E45)"", ""ref"": ""E46:M46""}"
33,reporting/bscr/reconcile/filled in templates/2026 BSCR - UKEU - 33.xlsx,reporting/bscr/reconcile/2026 BSCR - UKEU - 33.xlsx,Schedule X(f),G60,1413295.9653553199,,,
33,reporting/bscr/reconcile/filled in templates/2026 BSCR - UKEU - 33.xlsx,reporting/bscr/reconcile/2026 BSCR - UKEU - 33.xlsx,Schedule X(f),G64,1413295.9653553199,0,"{""origin"": ""E64"", ""formula"": ""SUM(E60:E63)"", ""ref"": ""E64:M64""}","{""origin"": ""E64"", ""formula"": ""SUM(E60:E63)"", ""ref"": ""E64:M64""}"
33,reporting/bscr/reconcile/filled in templates/2026 BSCR - UKEU - 33.xlsx,reporting/bscr/reconcile/2026 BSCR - UKEU - 33.xlsx,Schedule X(f),H10,4572,4696,,
33,reporting/bscr/reconcile/filled in templates/2026 BSCR - UKEU - 33.xlsx,reporting/bscr/reconcile/2026 BSCR - UKEU - 33.xlsx,Schedule X(f),H11,337,213,,
33,reporting/bscr/reconcile/filled in templates/2026 BSCR - UKEU - 33.xlsx,reporting/bscr/reconcile/2026 BSCR - UKEU - 33.xlsx,Schedule X(f),H19,4572,4180,,
33,reporting/bscr/reconcile/filled in templates/2026 BSCR - UKEU - 33.xlsx,reporting/bscr/reconcile/2026 BSCR - UKEU - 33.xlsx,Schedule X(f),H20,337,516,,
33,reporting/bscr/reconcile/filled in templates/2026 BSCR - UKEU - 33.xlsx,reporting/bscr/reconcile/2026 BSCR - UKEU - 33.xlsx,Schedule X(f),H21,4909,4696,"{""origin"": ""E21"", ""formula"": ""SUM(E19:E20)"", ""ref"": ""E21:M21""}","{""origin"": ""E21"", ""formula"": ""SUM(E19:E20)"", ""ref"": ""E21:M21""}"
33,reporting/bscr/reconcile/filled in templates/2026 BSCR - UKEU - 33.xlsx,reporting/bscr/reconcile/2026 BSCR - UKEU - 33.xlsx,Schedule X(f),H28,4572,4124,,
33,reporting/bscr/reconcile/filled in templates/2026 BSCR - UKEU - 33.xlsx,reporting/bscr/reconcile/2026 BSCR - UKEU - 33.xlsx,Schedule X(f),H29,,56,,
33,reporting/bscr/reconcile/filled in templates/2026 BSCR - UKEU - 33.xlsx,reporting/bscr/reconcile/2026 BSCR - UKEU - 33.xlsx,Schedule X(f),H33,4572,4180,"{""origin"": ""E33"", ""formula"": ""SUM(E28:E32)"", ""ref"": ""E33:M33""}",SUM(H28:H32)
33,reporting/bscr/reconcile/filled in templates/2026 BSCR - UKEU - 33.xlsx,reporting/bscr/reconcile/2026 BSCR - UKEU - 33.xlsx,Schedule X(f),H43,337,177,,
33,reporting/bscr/reconcile/filled in templates/2026 BSCR - UKEU - 33.xlsx,reporting/bscr/reconcile/2026 BSCR - UKEU - 33.xlsx,Schedule X(f),H44,,0,,
33,reporting/bscr/reconcile/filled in templates/2026 BSCR - UKEU - 33.xlsx,reporting/bscr/reconcile/2026 BSCR - UKEU - 33.xlsx,Schedule X(f),H45,,339,,
33,reporting/bscr/reconcile/filled in templates/2026 BSCR - UKEU - 33.xlsx,reporting/bscr/reconcile/2026 BSCR - UKEU - 33.xlsx,Schedule X(f),H46,337,516,"{""origin"": ""E46"", ""formula"": ""SUM(E43:E45)"", ""ref"": ""E46:M46""}","{""origin"": ""E46"", ""formula"": ""SUM(E43:E45)"", ""ref"": ""E46:M46""}"
33,reporting/bscr/reconcile/filled in templates/2026 BSCR - UKEU - 33.xlsx,reporting/bscr/reconcile/2026 BSCR - UKEU - 33.xlsx,Schedule X(f),H60,337,0,,
33,reporting/bscr/reconcile/filled in templates/2026 BSCR - UKEU - 33.xlsx,reporting/bscr/reconcile/2026 BSCR - UKEU - 33.xlsx,Schedule X(f),H61,,213,,
33,reporting/bscr/reconcile/filled in templates/2026 BSCR - UKEU - 33.xlsx,reporting/bscr/reconcile/2026 BSCR - UKEU - 33.xlsx,Schedule X(f),H62,,0,,
33,reporting/bscr/reconcile/filled in templates/2026 BSCR - UKEU - 33.xlsx,reporting/bscr/reconcile/2026 BSCR - UKEU - 33.xlsx,Schedule X(f),H63,,0,,
33,reporting/bscr/reconcile/filled in templates/2026 BSCR - UKEU - 33.xlsx,reporting/bscr/reconcile/2026 BSCR - UKEU - 33.xlsx,Schedule X(f),H64,337,213,"{""origin"": ""E64"", ""formula"": ""SUM(E60:E63)"", ""ref"": ""E64:M64""}","{""origin"": ""E64"", ""formula"": ""SUM(E60:E63)"", ""ref"": ""E64:M64""}"
33,reporting/bscr/reconcile/filled in templates/2026 BSCR - UKEU - 33.xlsx,reporting/bscr/reconcile/2026 BSCR - UKEU - 33.xlsx,Schedule X(f),I10,24413781.950270183,34740,,
33,reporting/bscr/reconcile/filled in templates/2026 BSCR - UKEU - 33.xlsx,reporting/bscr/reconcile/2026 BSCR - UKEU - 33.xlsx,Schedule X(f),I11,2280117.63918021,1297,,
33,reporting/bscr/reconcile/filled in templates/2026 BSCR - UKEU - 33.xlsx,reporting/bscr/reconcile/2026 BSCR - UKEU - 33.xlsx,Schedule X(f),I12,26693899.589450393,36037,"{""origin"": ""E12"", ""formula"": ""SUM(E10:E11)"", ""ref"": ""E12:M12""}","{""origin"": ""E12"", ""formula"": ""SUM(E10:E11)"", ""ref"": ""E12:M12""}"
33,reporting/bscr/reconcile/filled in templates/2026 BSCR - UKEU - 33.xlsx,reporting/bscr/reconcile/2026 BSCR - UKEU - 33.xlsx,Schedule X(f),I19,24413781.950270183,31033,,
33,reporting/bscr/reconcile/filled in templates/2026 BSCR - UKEU - 33.xlsx,reporting/bscr/reconcile/2026 BSCR - UKEU - 33.xlsx,Schedule X(f),I20,2280117.63918021,3707,,
33,reporting/bscr/reconcile/filled in templates/2026 BSCR - UKEU - 33.xlsx,reporting/bscr/reconcile/2026 BSCR - UKEU - 33.xlsx,Schedule X(f),I21,26693899.589450393,34740,"{""origin"": ""E21"", ""formula"": ""SUM(E19:E20)"", ""ref"": ""E21:M21""}","{""origin"": ""E21"", ""formula"": ""SUM(E19:E20)"", ""ref"": ""E21:M21""}"
33,reporting/bscr/reconcile/filled in templates/2026 BSCR - UKEU - 33.xlsx,reporting/bscr/reconcile/2026 BSCR - UKEU - 33.xlsx,Schedule X(f),I28,24413781.950270183,30184,,
33,reporting/bscr/reconcile/filled in templates/2026 BSCR - UKEU - 33.xlsx,reporting/bscr/reconcile/2026 BSCR - UKEU - 33.xlsx,Schedule X(f),I29,,849,,
33,reporting/bscr/reconcile/filled in templates/2026 BSCR - UKEU - 33.xlsx,reporting/bscr/reconcile/2026 BSCR - UKEU - 33.xlsx,Schedule X(f),I33,24413781.950270183,31033,"{""origin"": ""E33"", ""formula"": ""SUM(E28:E32)"", ""ref"": ""E33:M33""}","{""origin"": ""H33"", ""formula"": ""SUM(H28:H32)"", ""ref"": ""H33:M33""}"
33,reporting/bscr/reconcile/filled in templates/2026 BSCR - UKEU - 33.xlsx,reporting/bscr/reconcile/2026 BSCR - UKEU - 33.xlsx,Schedule X(f),I43,2280117.63918021,2263,,
33,reporting/bscr/reconcile/filled in templates/2026 BSCR - UKEU - 33.xlsx,reporting/bscr/reconcile/2026 BSCR - UKEU - 33.xlsx,Schedule X(f),I44,,0,,
33,reporting/bscr/reconcile/filled in templates/2026 BSCR - UKEU - 33.xlsx,reporting/bscr/reconcile/2026 BSCR - UKEU - 33.xlsx,Schedule X(f),I45,,1443,,
33,reporting/bscr/reconcile/filled in templates/2026 BSCR - UKEU - 33.xlsx,reporting/bscr/reconcile/2026 BSCR - UKEU - 33.xlsx,Schedule X(f),I46,2280117.63918021,3706,"{""origin"": ""E46"", ""formula"": ""SUM(E43:E45)"", ""ref"": ""E46:M46""}","{""origin"": ""E46"", ""formula"": ""SUM(E43:E45)"", ""ref"": ""E46:M46""}"
33,reporting/bscr/reconcile/filled in templates/2026 BSCR - UKEU - 33.xlsx,reporting/bscr/reconcile/2026 BSCR - UKEU - 33.xlsx,Schedule X(f),I60,2280117.63918021,0,,
33,reporting/bscr/reconcile/filled in templates/2026 BSCR - UKEU - 33.xlsx,reporting/bscr/reconcile/2026 BSCR - UKEU - 33.xlsx,Schedule X(f),I61,,1297.061774,,
33,reporting/bscr/reconcile/filled in templates/2026 BSCR - UKEU - 33.xlsx,reporting/bscr/reconcile/2026 BSCR - UKEU - 33.xlsx,Schedule X(f),I62,,0,,
33,reporting/bscr/reconcile/filled in templates/2026 BSCR - UKEU - 33.xlsx,reporting/bscr/reconcile/2026 BSCR - UKEU - 33.xlsx,Schedule X(f),I63,,0,,
33,reporting/bscr/reconcile/filled in templates/2026 BSCR - UKEU - 33.xlsx,reporting/bscr/reconcile/2026 BSCR - UKEU - 33.xlsx,Schedule X(f),I64,2280117.63918021,1297.061774,"{""origin"": ""E64"", ""formula"": ""SUM(E60:E63)"", ""ref"": ""E64:M64""}","{""origin"": ""E64"", ""formula"": ""SUM(E60:E63)"", ""ref"": ""E64:M64""}"
33,reporting/bscr/reconcile/filled in templates/2026 BSCR - UKEU - 33.xlsx,reporting/bscr/reconcile/2026 BSCR - UKEU - 33.xlsx,Schedule X(f),J10,18200276.187958535,25606,,
33,reporting/bscr/reconcile/filled in templates/2026 BSCR - UKEU - 33.xlsx,reporting/bscr/reconcile/2026 BSCR - UKEU - 33.xlsx,Schedule X(f),J11,1518656.6859964901,1014,,
33,reporting/bscr/reconcile/filled in templates/2026 BSCR - UKEU - 33.xlsx,reporting/bscr/reconcile/2026 BSCR - UKEU - 33.xlsx,Schedule X(f),J12,19718932.873955026,26620,"{""origin"": ""E12"", ""formula"": ""SUM(E10:E11)"", ""ref"": ""E12:M12""}","{""origin"": ""E12"", ""formula"": ""SUM(E10:E11)"", ""ref"": ""E12:M12""}"
33,reporting/bscr/reconcile/filled in templates/2026 BSCR - UKEU - 33.xlsx,reporting/bscr/reconcile/2026 BSCR - UKEU - 33.xlsx,Schedule X(f),J19,18200276.187958535,23150,,
33,reporting/bscr/reconcile/filled in templates/2026 BSCR - UKEU - 33.xlsx,reporting/bscr/reconcile/2026 BSCR - UKEU - 33.xlsx,Schedule X(f),J20,1518656.6859964901,2456,,
33,reporting/bscr/reconcile/filled in templates/2026 BSCR - UKEU - 33.xlsx,reporting/bscr/reconcile/2026 BSCR - UKEU - 33.xlsx,Schedule X(f),J21,19718932.873955026,25606,"{""origin"": ""E21"", ""formula"": ""SUM(E19:E20)"", ""ref"": ""E21:M21""}","{""origin"": ""E21"", ""formula"": ""SUM(E19:E20)"", ""ref"": ""E21:M21""}"
33,reporting/bscr/reconcile/filled in templates/2026 BSCR - UKEU - 33.xlsx,reporting/bscr/reconcile/2026 BSCR - UKEU - 33.xlsx,Schedule X(f),J28,18200276.187958535,22712,,
33,reporting/bscr/reconcile/filled in templates/2026 BSCR - UKEU - 33.xlsx,reporting/bscr/reconcile/2026 BSCR - UKEU - 33.xlsx,Schedule X(f),J29,,438,,
33,reporting/bscr/reconcile/filled in templates/2026 BSCR - UKEU - 33.xlsx,reporting/bscr/reconcile/2026 BSCR - UKEU - 33.xlsx,Schedule X(f),J33,18200276.187958535,23150,"{""origin"": ""E33"", ""formula"": ""SUM(E28:E32)"", ""ref"": ""E33:M33""}","{""origin"": ""H33"", ""formula"": ""SUM(H28:H32)"", ""ref"": ""H33:M33""}"
33,reporting/bscr/reconcile/filled in templates/2026 BSCR - UKEU - 33.xlsx,reporting/bscr/reconcile/2026 BSCR - UKEU - 33.xlsx,Schedule X(f),J43,1518656.6859964901,1444,,
33,reporting/bscr/reconcile/filled in templates/2026 BSCR - UKEU - 33.xlsx,reporting/bscr/reconcile/2026 BSCR - UKEU - 33.xlsx,Schedule X(f),J44,,0,,
33,reporting/bscr/reconcile/filled in templates/2026 BSCR - UKEU - 33.xlsx,reporting/bscr/reconcile/2026 BSCR - UKEU - 33.xlsx,Schedule X(f),J45,,1012,,
33,reporting/bscr/reconcile/filled in templates/2026 BSCR - UKEU - 33.xlsx,reporting/bscr/reconcile/2026 BSCR - UKEU - 33.xlsx,Schedule X(f),J46,1518656.6859964901,2456,"{""origin"": ""E46"", ""formula"": ""SUM(E43:E45)"", ""ref"": ""E46:M46""}","{""origin"": ""E46"", ""formula"": ""SUM(E43:E45)"", ""ref"": ""E46:M46""}"
33,reporting/bscr/reconcile/filled in templates/2026 BSCR - UKEU - 33.xlsx,reporting/bscr/reconcile/2026 BSCR - UKEU - 33.xlsx,Schedule X(f),J60,1518656.6859964901,0,,
33,reporting/bscr/reconcile/filled in templates/2026 BSCR - UKEU - 33.xlsx,reporting/bscr/reconcile/2026 BSCR - UKEU - 33.xlsx,Schedule X(f),J61,,1014.162628,,
33,reporting/bscr/reconcile/filled in templates/2026 BSCR - UKEU - 33.xlsx,reporting/bscr/reconcile/2026 BSCR - UKEU - 33.xlsx,Schedule X(f),J62,,0,,
33,reporting/bscr/reconcile/filled in templates/2026 BSCR - UKEU - 33.xlsx,reporting/bscr/reconcile/2026 BSCR - UKEU - 33.xlsx,Schedule X(f),J63,,0,,
33,reporting/bscr/reconcile/filled in templates/2026 BSCR - UKEU - 33.xlsx,reporting/bscr/reconcile/2026 BSCR - UKEU - 33.xlsx,Schedule X(f),J64,1518656.6859964901,1014.162628,"{""origin"": ""E64"", ""formula"": ""SUM(E60:E63)"", ""ref"": ""E64:M64""}","{""origin"": ""E64"", ""formula"": ""SUM(E60:E63)"", ""ref"": ""E64:M64""}"
33,reporting/bscr/reconcile/filled in templates/2026 BSCR - UKEU - 33.xlsx,reporting/bscr/reconcile/2026 BSCR - UKEU - 33.xlsx,Schedule X(f),K10,4678,5128,H10+E10,H10+E10
33,reporting/bscr/reconcile/filled in templates/2026 BSCR - UKEU - 33.xlsx,reporting/bscr/reconcile/2026 BSCR - UKEU - 33.xlsx,Schedule X(f),K11,663,213,"{""origin"": ""K10"", ""formula"": ""H10+E10"", ""ref"": ""K10:M11""}","{""origin"": ""K10"", ""formula"": ""H10+E10"", ""ref"": ""K10:M11""}"
33,reporting/bscr/reconcile/filled in templates/2026 BSCR - UKEU - 33.xlsx,reporting/bscr/reconcile/2026 BSCR - UKEU - 33.xlsx,Schedule X(f),K19,4678,4286,H19+E19,H19+E19
33,reporting/bscr/reconcile/filled in templates/2026 BSCR - UKEU - 33.xlsx,reporting/bscr/reconcile/2026 BSCR - UKEU - 33.xlsx,Schedule X(f),K20,663,842,"{""origin"": ""K19"", ""formula"": ""H19+E19"", ""ref"": ""K19:L21""}","{""origin"": ""K19"", ""formula"": ""H19+E19"", ""ref"": ""K19:L21""}"
33,reporting/bscr/reconcile/filled in templates/2026 BSCR - UKEU - 33.xlsx,reporting/bscr/reconcile/2026 BSCR - UKEU - 33.xlsx,Schedule X(f),K21,5341,5128,"{""origin"": ""K19"", ""formula"": ""H19+E19"", ""ref"": ""K19:L21""}","{""origin"": ""K19"", ""formula"": ""H19+E19"", ""ref"": ""K19:L21""}"
33,reporting/bscr/reconcile/filled in templates/2026 BSCR - UKEU - 33.xlsx,reporting/bscr/reconcile/2026 BSCR - UKEU - 33.xlsx,Schedule X(f),K28,4678,4124,H28+E28,H28+E28
33,reporting/bscr/reconcile/filled in templates/2026 BSCR - UKEU - 33.xlsx,reporting/bscr/reconcile/2026 BSCR - UKEU - 33.xlsx,Schedule X(f),K29,0,162,"{""origin"": ""K28"", ""formula"": ""H28+E28"", ""ref"": ""K28:L32""}",H29+E29
33,reporting/bscr/reconcile/filled in templates/2026 BSCR - UKEU - 33.xlsx,reporting/bscr/reconcile/2026 BSCR - UKEU - 33.xlsx,Schedule X(f),K30,0,0,"{""origin"": ""K28"", ""formula"": ""H28+E28"", ""ref"": ""K28:L32""}",H30+E30
33,reporting/bscr/reconcile/filled in templates/2026 BSCR - UKEU - 33.xlsx,reporting/bscr/reconcile/2026 BSCR - UKEU - 33.xlsx,Schedule X(f),K31,0,0,"{""origin"": ""K28"", ""formula"": ""H28+E28"", ""ref"": ""K28:L32""}","{""origin"": ""K30"", ""formula"": ""H30+E30"", ""ref"": ""K30:L32""}"
33,reporting/bscr/reconcile/filled in templates/2026 BSCR - UKEU - 33.xlsx,reporting/bscr/reconcile/2026 BSCR - UKEU - 33.xlsx,Schedule X(f),K32,0,0,"{""origin"": ""K28"", ""formula"": ""H28+E28"", ""ref"": ""K28:L32""}","{""origin"": ""K30"", ""formula"": ""H30+E30"", ""ref"": ""K30:L32""}"
33,reporting/bscr/reconcile/filled in templates/2026 BSCR - UKEU - 33.xlsx,reporting/bscr/reconcile/2026 BSCR - UKEU - 33.xlsx,Schedule X(f),K33,4678,4286,"{""origin"": ""E33"", ""formula"": ""SUM(E28:E32)"", ""ref"": ""E33:M33""}","{""origin"": ""H33"", ""formula"": ""SUM(H28:H32)"", ""ref"": ""H33:M33""}"
33,reporting/bscr/reconcile/filled in templates/2026 BSCR - UKEU - 33.xlsx,reporting/bscr/reconcile/2026 BSCR - UKEU - 33.xlsx,Schedule X(f),K43,663,503,H43+E43,H43+E43
33,reporting/bscr/reconcile/filled in templates/2026 BSCR - UKEU - 33.xlsx,reporting/bscr/reconcile/2026 BSCR - UKEU - 33.xlsx,Schedule X(f),K45,0,339,"{""origin"": ""K43"", ""formula"": ""H43+E43"", ""ref"": ""K43:L45""}","{""origin"": ""K43"", ""formula"": ""H43+E43"", ""ref"": ""K43:L45""}"
33,reporting/bscr/reconcile/filled in templates/2026 BSCR - UKEU - 33.xlsx,reporting/bscr/reconcile/2026 BSCR - UKEU - 33.xlsx,Schedule X(f),K46,663,842,"{""origin"": ""E46"", ""formula"": ""SUM(E43:E45)"", ""ref"": ""E46:M46""}","{""origin"": ""E46"", ""formula"": ""SUM(E43:E45)"", ""ref"": ""E46:M46""}"
33,reporting/bscr/reconcile/filled in templates/2026 BSCR - UKEU - 33.xlsx,reporting/bscr/reconcile/2026 BSCR - UKEU - 33.xlsx,Schedule X(f),K60,663,0,H60+E60,H60+E60
33,reporting/bscr/reconcile/filled in templates/2026 BSCR - UKEU - 33.xlsx,reporting/bscr/reconcile/2026 BSCR - UKEU - 33.xlsx,Schedule X(f),K61,0,213,"{""origin"": ""K60"", ""formula"": ""H60+E60"", ""ref"": ""K60:L63""}","{""origin"": ""K60"", ""formula"": ""H60+E60"", ""ref"": ""K60:L63""}"
33,reporting/bscr/reconcile/filled in templates/2026 BSCR - UKEU - 33.xlsx,reporting/bscr/reconcile/2026 BSCR - UKEU - 33.xlsx,Schedule X(f),K64,663,213,"{""origin"": ""E64"", ""formula"": ""SUM(E60:E63)"", ""ref"": ""E64:M64""}","{""origin"": ""E64"", ""formula"": ""SUM(E60:E63)"", ""ref"": ""E64:M64""}"
33,reporting/bscr/reconcile/filled in templates/2026 BSCR - UKEU - 33.xlsx,reporting/bscr/reconcile/2026 BSCR - UKEU - 33.xlsx,Schedule X(f),L10,25152755.367618699,38931,"{""origin"": ""K10"", ""formula"": ""H10+E10"", ""ref"": ""K10:M11""}","{""origin"": ""K10"", ""formula"": ""H10+E10"", ""ref"": ""K10:M11""}"
33,reporting/bscr/reconcile/filled in templates/2026 BSCR - UKEU - 33.xlsx,reporting/bscr/reconcile/2026 BSCR - UKEU - 33.xlsx,Schedule X(f),L11,4645929.1420892598,1297,"{""origin"": ""K10"", ""formula"": ""H10+E10"", ""ref"": ""K10:M11""}","{""origin"": ""K10"", ""formula"": ""H10+E10"", ""ref"": ""K10:M11""}"
33,reporting/bscr/reconcile/filled in templates/2026 BSCR - UKEU - 33.xlsx,reporting/bscr/reconcile/2026 BSCR - UKEU - 33.xlsx,Schedule X(f),L12,29798684.509707958,40228,I12+F12,I12+F12
33,reporting/bscr/reconcile/filled in templates/2026 BSCR - UKEU - 33.xlsx,reporting/bscr/reconcile/2026 BSCR - UKEU - 33.xlsx,Schedule X(f),L19,25152755.367618699,32031,"{""origin"": ""K19"", ""formula"": ""H19+E19"", ""ref"": ""K19:L21""}","{""origin"": ""K19"", ""formula"": ""H19+E19"", ""ref"": ""K19:L21""}"
33,reporting/bscr/reconcile/filled in templates/2026 BSCR - UKEU - 33.xlsx,reporting/bscr/reconcile/2026 BSCR - UKEU - 33.xlsx,Schedule X(f),L20,4645929.1420892598,6901,"{""origin"": ""K19"", ""formula"": ""H19+E19"", ""ref"": ""K19:L21""}","{""origin"": ""K19"", ""formula"": ""H19+E19"", ""ref"": ""K19:L21""}"
33,reporting/bscr/reconcile/filled in templates/2026 BSCR - UKEU - 33.xlsx,reporting/bscr/reconcile/2026 BSCR - UKEU - 33.xlsx,Schedule X(f),L21,29798684.509707958,38932,"{""origin"": ""K19"", ""formula"": ""H19+E19"", ""ref"": ""K19:L21""}","{""origin"": ""K19"", ""formula"": ""H19+E19"", ""ref"": ""K19:L21""}"
33,reporting/bscr/reconcile/filled in templates/2026 BSCR - UKEU - 33.xlsx,reporting/bscr/reconcile/2026 BSCR - UKEU - 33.xlsx,Schedule X(f),L28,25152755.367618699,30184,"{""origin"": ""K28"", ""formula"": ""H28+E28"", ""ref"": ""K28:L32""}",I28+F28
33,reporting/bscr/reconcile/filled in templates/2026 BSCR - UKEU - 33.xlsx,reporting/bscr/reconcile/2026 BSCR - UKEU - 33.xlsx,Schedule X(f),L29,0,1846.6141134,"{""origin"": ""K28"", ""formula"": ""H28+E28"", ""ref"": ""K28:L32""}",I29+F29
33,reporting/bscr/reconcile/filled in templates/2026 BSCR - UKEU - 33.xlsx,reporting/bscr/reconcile/2026 BSCR - UKEU - 33.xlsx,Schedule X(f),L30,0,0,"{""origin"": ""K28"", ""formula"": ""H28+E28"", ""ref"": ""K28:L32""}","{""origin"": ""K30"", ""formula"": ""H30+E30"", ""ref"": ""K30:L32""}"
33,reporting/bscr/reconcile/filled in templates/2026 BSCR - UKEU - 33.xlsx,reporting/bscr/reconcile/2026 BSCR - UKEU - 33.xlsx,Schedule X(f),L31,0,0,"{""origin"": ""K28"", ""formula"": ""H28+E28"", ""ref"": ""K28:L32""}","{""origin"": ""K30"", ""formula"": ""H30+E30"", ""ref"": ""K30:L32""}"
33,reporting/bscr/reconcile/filled in templates/2026 BSCR - UKEU - 33.xlsx,reporting/bscr/reconcile/2026 BSCR - UKEU - 33.xlsx,Schedule X(f),L32,0,0,"{""origin"": ""K28"", ""formula"": ""H28+E28"", ""ref"": ""K28:L32""}","{""origin"": ""K30"", ""formula"": ""H30+E30"", ""ref"": ""K30:L32""}"
33,reporting/bscr/reconcile/filled in templates/2026 BSCR - UKEU - 33.xlsx,reporting/bscr/reconcile/2026 BSCR - UKEU - 33.xlsx,Schedule X(f),L33,25152755.367618699,32030.614113399999,I33+F33,I33+F33
33,reporting/bscr/reconcile/filled in templates/2026 BSCR - UKEU - 33.xlsx,reporting/bscr/reconcile/2026 BSCR - UKEU - 33.xlsx,Schedule X(f),L43,4645929.1420892598,5457,"{""origin"": ""K43"", ""formula"": ""H43+E43"", ""ref"": ""K43:L45""}","{""origin"": ""K43"", ""formula"": ""H43+E43"", ""ref"": ""K43:L45""}"
33,reporting/bscr/reconcile/filled in templates/2026 BSCR - UKEU - 33.xlsx,reporting/bscr/reconcile/2026 BSCR - UKEU - 33.xlsx,Schedule X(f),L45,0,1443,"{""origin"": ""K43"", ""formula"": ""H43+E43"", ""ref"": ""K43:L45""}","{""origin"": ""K43"", ""formula"": ""H43+E43"", ""ref"": ""K43:L45""}"
33,reporting/bscr/reconcile/filled in templates/2026 BSCR - UKEU - 33.xlsx,reporting/bscr/reconcile/2026 BSCR - UKEU - 33.xlsx,Schedule X(f),L46,4645929.1420892598,6900,I46+F46,I46+F46
33,reporting/bscr/reconcile/filled in templates/2026 BSCR - UKEU - 33.xlsx,reporting/bscr/reconcile/2026 BSCR - UKEU - 33.xlsx,Schedule X(f),L60,4645929.1420892598,0,"{""origin"": ""K60"", ""formula"": ""H60+E60"", ""ref"": ""K60:L63""}","{""origin"": ""K60"", ""formula"": ""H60+E60"", ""ref"": ""K60:L63""}"
33,reporting/bscr/reconcile/filled in templates/2026 BSCR - UKEU - 33.xlsx,reporting/bscr/reconcile/2026 BSCR - UKEU - 33.xlsx,Schedule X(f),L61,0,1297.061774,"{""origin"": ""K60"", ""formula"": ""H60+E60"", ""ref"": ""K60:L63""}","{""origin"": ""K60"", ""formula"": ""H60+E60"", ""ref"": ""K60:L63""}"
33,reporting/bscr/reconcile/filled in templates/2026 BSCR - UKEU - 33.xlsx,reporting/bscr/reconcile/2026 BSCR - UKEU - 33.xlsx,Schedule X(f),L64,4645929.1420892598,1297.061774,I64+F64,I64+F64
33,reporting/bscr/reconcile/filled in templates/2026 BSCR - UKEU - 33.xlsx,reporting/bscr/reconcile/2026 BSCR - UKEU - 33.xlsx,Schedule X(f),M10,18626528.497776199,28089,"{""origin"": ""K10"", ""formula"": ""H10+E10"", ""ref"": ""K10:M11""}","{""origin"": ""K10"", ""formula"": ""H10+E10"", ""ref"": ""K10:M11""}"
33,reporting/bscr/reconcile/filled in templates/2026 BSCR - UKEU - 33.xlsx,reporting/bscr/reconcile/2026 BSCR - UKEU - 33.xlsx,Schedule X(f),M11,2931952.65135181,1014,"{""origin"": ""K10"", ""formula"": ""H10+E10"", ""ref"": ""K10:M11""}","{""origin"": ""K10"", ""formula"": ""H10+E10"", ""ref"": ""K10:M11""}"
33,reporting/bscr/reconcile/filled in templates/2026 BSCR - UKEU - 33.xlsx,reporting/bscr/reconcile/2026 BSCR - UKEU - 33.xlsx,Schedule X(f),M12,21558481.149128009,29103,"{""origin"": ""E12"", ""formula"": ""SUM(E10:E11)"", ""ref"": ""E12:M12""}","{""origin"": ""E12"", ""formula"": ""SUM(E10:E11)"", ""ref"": ""E12:M12""}"
33,reporting/bscr/reconcile/filled in templates/2026 BSCR - UKEU - 33.xlsx,reporting/bscr/reconcile/2026 BSCR - UKEU - 33.xlsx,Schedule X(f),M19,18626528.497776199,23725,J19+G19,J19+G19
33,reporting/bscr/reconcile/filled in templates/2026 BSCR - UKEU - 33.xlsx,reporting/bscr/reconcile/2026 BSCR - UKEU - 33.xlsx,Schedule X(f),M20,2931952.65135181,4364,J20+G20,J20+G20
33,reporting/bscr/reconcile/filled in templates/2026 BSCR - UKEU - 33.xlsx,reporting/bscr/reconcile/2026 BSCR - UKEU - 33.xlsx,Schedule X(f),M21,21558481.149128009,28089,"{""origin"": ""E21"", ""formula"": ""SUM(E19:E20)"", ""ref"": ""E21:M21""}","{""origin"": ""E21"", ""formula"": ""SUM(E19:E20)"", ""ref"": ""E21:M21""}"
33,reporting/bscr/reconcile/filled in templates/2026 BSCR - UKEU - 33.xlsx,reporting/bscr/reconcile/2026 BSCR - UKEU - 33.xlsx,Schedule X(f),M28,18626528.497776199,22712,J28+G28,J28+G28
33,reporting/bscr/reconcile/filled in templates/2026 BSCR - UKEU - 33.xlsx,reporting/bscr/reconcile/2026 BSCR - UKEU - 33.xlsx,Schedule X(f),M29,0,1013.4406182,J29+G29,J29+G29
33,reporting/bscr/reconcile/filled in templates/2026 BSCR - UKEU - 33.xlsx,reporting/bscr/reconcile/2026 BSCR - UKEU - 33.xlsx,Schedule X(f),M33,18626528.497776199,23725.440618199998,"{""origin"": ""E33"", ""formula"": ""SUM(E28:E32)"", ""ref"": ""E33:M33""}","{""origin"": ""H33"", ""formula"": ""SUM(H28:H32)"", ""ref"": ""H33:M33""}"
33,reporting/bscr/reconcile/filled in templates/2026 BSCR - UKEU - 33.xlsx,reporting/bscr/reconcile/2026 BSCR - UKEU - 33.xlsx,Schedule X(f),M43,2931952.65135181,3352,J43+G43,J43+G43
33,reporting/bscr/reconcile/filled in templates/2026 BSCR - UKEU - 33.xlsx,reporting/bscr/reconcile/2026 BSCR - UKEU - 33.xlsx,Schedule X(f),M45,0,1012,J45+G45,J45+G45
33,reporting/bscr/reconcile/filled in templates/2026 BSCR - UKEU - 33.xlsx,reporting/bscr/reconcile/2026 BSCR - UKEU - 33.xlsx,Schedule X(f),M46,2931952.65135181,4364,"{""origin"": ""E46"", ""formula"": ""SUM(E43:E45)"", ""ref"": ""E46:M46""}","{""origin"": ""E46"", ""formula"": ""SUM(E43:E45)"", ""ref"": ""E46:M46""}"
33,reporting/bscr/reconcile/filled in templates/2026 BSCR - UKEU - 33.xlsx,reporting/bscr/reconcile/2026 BSCR - UKEU - 33.xlsx,Schedule X(f),M60,2931952.65135181,0,J60+G60,J60+G60
33,reporting/bscr/reconcile/filled in templates/2026 BSCR - UKEU - 33.xlsx,reporting/bscr/reconcile/2026 BSCR - UKEU - 33.xlsx,Schedule X(f),M61,0,1014.162628,J61+G61,J61+G61
33,reporting/bscr/reconcile/filled in templates/2026 BSCR - UKEU - 33.xlsx,reporting/bscr/reconcile/2026 BSCR - UKEU - 33.xlsx,Schedule X(f),M64,2931952.65135181,1014.162628,"{""origin"": ""E64"", ""formula"": ""SUM(E60:E63)"", ""ref"": ""E64:M64""}","{""origin"": ""E64"", ""formula"": ""SUM(E60:E63)"", ""ref"": ""E64:M64""}"
3624,reporting/bscr/reconcile/filled in templates/2026 BSCR - UKEU - 3624.xlsx,reporting/bscr/reconcile/filled in templates/2026 BSCR - UKEU - 3624 v2.xlsx,Schedule X(a),E25,121736170.197879,20414.496800000001,,
3624,reporting/bscr/reconcile/filled in templates/2026 BSCR - UKEU - 3624.xlsx,reporting/bscr/reconcile/filled in templates/2026 BSCR - UKEU - 3624 v2.xlsx,Schedule X(a),E26,,1652,,
3624,reporting/bscr/reconcile/filled in templates/2026 BSCR - UKEU - 3624.xlsx,reporting/bscr/reconcile/filled in templates/2026 BSCR - UKEU - 3624 v2.xlsx,Schedule X(a),J25,121736170.197879,20414.496800000001,,
3624,reporting/bscr/reconcile/filled in templates/2026 BSCR - UKEU - 3624.xlsx,reporting/bscr/reconcile/filled in templates/2026 BSCR - UKEU - 3624 v2.xlsx,Schedule X(a),J26,,1652,,
3624,reporting/bscr/reconcile/filled in templates/2026 BSCR - UKEU - 3624.xlsx,reporting/bscr/reconcile/filled in templates/2026 BSCR - UKEU - 3624 v2.xlsx,Schedule X(b),E27,121736170.197879,20414.496800000001,,
3624,reporting/bscr/reconcile/filled in templates/2026 BSCR - UKEU - 3624.xlsx,reporting/bscr/reconcile/filled in templates/2026 BSCR - UKEU - 3624 v2.xlsx,Schedule X(b),E28,0,1652,[3]Import!G4102,
3624,reporting/bscr/reconcile/filled in templates/2026 BSCR - UKEU - 3624.xlsx,reporting/bscr/reconcile/filled in templates/2026 BSCR - UKEU - 3624 v2.xlsx,Schedule X(b),J27,121736170.197879,20414.496800000001,,
3624,reporting/bscr/reconcile/filled in templates/2026 BSCR - UKEU - 3624.xlsx,reporting/bscr/reconcile/filled in templates/2026 BSCR - UKEU - 3624 v2.xlsx,Schedule X(b),J28,0,1652,[3]Import!G4113,
3624,reporting/bscr/reconcile/filled in templates/2026 BSCR - UKEU - 3624.xlsx,reporting/bscr/reconcile/filled in templates/2026 BSCR - UKEU - 3624 v2.xlsx,Schedule X(c),E115,276,,,
3624,reporting/bscr/reconcile/filled in templates/2026 BSCR - UKEU - 3624.xlsx,reporting/bscr/reconcile/filled in templates/2026 BSCR - UKEU - 3624 v2.xlsx,Schedule X(c),E27,0,400,,
3624,reporting/bscr/reconcile/filled in templates/2026 BSCR - UKEU - 3624.xlsx,reporting/bscr/reconcile/filled in templates/2026 BSCR - UKEU - 3624 v2.xlsx,Schedule X(c),E49,212,220,,
3624,reporting/bscr/reconcile/filled in templates/2026 BSCR - UKEU - 3624.xlsx,reporting/bscr/reconcile/filled in templates/2026 BSCR - UKEU - 3624 v2.xlsx,Schedule X(c),E71,121293778.12361901,5578,,
3624,reporting/bscr/reconcile/filled in templates/2026 BSCR - UKEU - 3624.xlsx,reporting/bscr/reconcile/filled in templates/2026 BSCR - UKEU - 3624 v2.xlsx,Schedule X(c),E93,276,,,
3624,reporting/bscr/reconcile/filled in templates/2026 BSCR - UKEU - 3624.xlsx,reporting/bscr/reconcile/filled in templates/2026 BSCR - UKEU - 3624 v2.xlsx,Schedule X(c),F115,276,,,
3624,reporting/bscr/reconcile/filled in templates/2026 BSCR - UKEU - 3624.xlsx,reporting/bscr/reconcile/filled in templates/2026 BSCR - UKEU - 3624 v2.xlsx,Schedule X(c),F27,0,400,,
3624,reporting/bscr/reconcile/filled in templates/2026 BSCR - UKEU - 3624.xlsx,reporting/bscr/reconcile/filled in templates/2026 BSCR - UKEU - 3624 v2.xlsx,Schedule X(c),F49,212,220,,
3624,reporting/bscr/reconcile/filled in templates/2026 BSCR - UKEU - 3624.xlsx,reporting/bscr/reconcile/filled in templates/2026 BSCR - UKEU - 3624 v2.xlsx,Schedule X(c),F71,121293778.12361901,5578,,
3624,reporting/bscr/reconcile/filled in templates/2026 BSCR - UKEU - 3624.xlsx,reporting/bscr/reconcile/filled in templates/2026 BSCR - UKEU - 3624 v2.xlsx,Schedule X(c),F93,276,,,
3624,reporting/bscr/reconcile/filled in templates/2026 BSCR - UKEU - 3624.xlsx,reporting/bscr/reconcile/filled in templates/2026 BSCR - UKEU - 3624 v2.xlsx,Schedule X(f),E10,32,3,,
3624,reporting/bscr/reconcile/filled in templates/2026 BSCR - UKEU - 3624.xlsx,reporting/bscr/reconcile/filled in templates/2026 BSCR - UKEU - 3624 v2.xlsx,Schedule X(f),E11,,1,,
3624,reporting/bscr/reconcile/filled in templates/2026 BSCR - UKEU - 3624.xlsx,reporting/bscr/reconcile/filled in templates/2026 BSCR - UKEU - 3624 v2.xlsx,Schedule X(f),E12,32,4,SUM(E10:E11),SUM(E10:E11)
3624,reporting/bscr/reconcile/filled in templates/2026 BSCR - UKEU - 3624.xlsx,reporting/bscr/reconcile/filled in templates/2026 BSCR - UKEU - 3624 v2.xlsx,Schedule X(f),E19,32,3,,
3624,reporting/bscr/reconcile/filled in templates/2026 BSCR - UKEU - 3624.xlsx,reporting/bscr/reconcile/filled in templates/2026 BSCR - UKEU - 3624 v2.xlsx,Schedule X(f),E20,,1,,
3624,reporting/bscr/reconcile/filled in templates/2026 BSCR - UKEU - 3624.xlsx,reporting/bscr/reconcile/filled in templates/2026 BSCR - UKEU - 3624 v2.xlsx,Schedule X(f),E21,32,4,SUM(E19:E20),SUM(E19:E20)
3624,reporting/bscr/reconcile/filled in templates/2026 BSCR - UKEU - 3624.xlsx,reporting/bscr/reconcile/filled in templates/2026 BSCR - UKEU - 3624 v2.xlsx,Schedule X(f),E28,32,3,,
3624,reporting/bscr/reconcile/filled in templates/2026 BSCR - UKEU - 3624.xlsx,reporting/bscr/reconcile/filled in templates/2026 BSCR - UKEU - 3624 v2.xlsx,Schedule X(f),E33,32,3,SUM(E28:E32),SUM(E28:E32)
3624,reporting/bscr/reconcile/filled in templates/2026 BSCR - UKEU - 3624.xlsx,reporting/bscr/reconcile/filled in templates/2026 BSCR - UKEU - 3624 v2.xlsx,Schedule X(f),E43,,1,,
3624,reporting/bscr/reconcile/filled in templates/2026 BSCR - UKEU - 3624.xlsx,reporting/bscr/reconcile/filled in templates/2026 BSCR - UKEU - 3624 v2.xlsx,Schedule X(f),E46,0,1,SUM(E43:E45),SUM(E43:E45)
3624,reporting/bscr/reconcile/filled in templates/2026 BSCR - UKEU - 3624.xlsx,reporting/bscr/reconcile/filled in templates/2026 BSCR - UKEU - 3624 v2.xlsx,Schedule X(f),E60,,1,,
3624,reporting/bscr/reconcile/filled in templates/2026 BSCR - UKEU - 3624.xlsx,reporting/bscr/reconcile/filled in templates/2026 BSCR - UKEU - 3624 v2.xlsx,Schedule X(f),E64,0,1,SUM(E60:E63),SUM(E60:E63)
3624,reporting/bscr/reconcile/filled in templates/2026 BSCR - UKEU - 3624.xlsx,reporting/bscr/reconcile/filled in templates/2026 BSCR - UKEU - 3624 v2.xlsx,Schedule X(f),F10,22746.034,2462.6999999999998,,
3624,reporting/bscr/reconcile/filled in templates/2026 BSCR - UKEU - 3624.xlsx,reporting/bscr/reconcile/filled in templates/2026 BSCR - UKEU - 3624 v2.xlsx,Schedule X(f),F11,,345,,
3624,reporting/bscr/reconcile/filled in templates/2026 BSCR - UKEU - 3624.xlsx,reporting/bscr/reconcile/filled in templates/2026 BSCR - UKEU - 3624 v2.xlsx,Schedule X(f),F12,22746.034,2807.7,"{""origin"": ""E12"", ""formula"": ""SUM(E10:E11)"", ""ref"": ""E12:M12""}","{""origin"": ""E12"", ""formula"": ""SUM(E10:E11)"", ""ref"": ""E12:M12""}"
3624,reporting/bscr/reconcile/filled in templates/2026 BSCR - UKEU - 3624.xlsx,reporting/bscr/reconcile/filled in templates/2026 BSCR - UKEU - 3624 v2.xlsx,Schedule X(f),F19,22746.034,2462.6999999999998,,
3624,reporting/bscr/reconcile/filled in templates/2026 BSCR - UKEU - 3624.xlsx,reporting/bscr/reconcile/filled in templates/2026 BSCR - UKEU - 3624 v2.xlsx,Schedule X(f),F20,,345,,
3624,reporting/bscr/reconcile/filled in templates/2026 BSCR - UKEU - 3624.xlsx,reporting/bscr/reconcile/filled in templates/2026 BSCR - UKEU - 3624 v2.xlsx,Schedule X(f),F21,22746.034,2807.7,"{""origin"": ""E21"", ""formula"": ""SUM(E19:E20)"", ""ref"": ""E21:M21""}","{""origin"": ""E21"", ""formula"": ""SUM(E19:E20)"", ""ref"": ""E21:M21""}"
3624,reporting/bscr/reconcile/filled in templates/2026 BSCR - UKEU - 3624.xlsx,reporting/bscr/reconcile/filled in templates/2026 BSCR - UKEU - 3624 v2.xlsx,Schedule X(f),F28,22746.034,2462.6999999999998,,
3624,reporting/bscr/reconcile/filled in templates/2026 BSCR - UKEU - 3624.xlsx,reporting/bscr/reconcile/filled in templates/2026 BSCR - UKEU - 3624 v2.xlsx,Schedule X(f),F33,22746.034,2462.6999999999998,"{""origin"": ""E33"", ""formula"": ""SUM(E28:E32)"", ""ref"": ""E33:M33""}","{""origin"": ""E33"", ""formula"": ""SUM(E28:E32)"", ""ref"": ""E33:M33""}"
3624,reporting/bscr/reconcile/filled in templates/2026 BSCR - UKEU - 3624.xlsx,reporting/bscr/reconcile/filled in templates/2026 BSCR - UKEU - 3624 v2.xlsx,Schedule X(f),F43,,345,,
3624,reporting/bscr/reconcile/filled in templates/2026 BSCR - UKEU - 3624.xlsx,reporting/bscr/reconcile/filled in templates/2026 BSCR - UKEU - 3624 v2.xlsx,Schedule X(f),F46,0,345,"{""origin"": ""E46"", ""formula"": ""SUM(E43:E45)"", ""ref"": ""E46:M46""}","{""origin"": ""E46"", ""formula"": ""SUM(E43:E45)"", ""ref"": ""E46:M46""}"
3624,reporting/bscr/reconcile/filled in templates/2026 BSCR - UKEU - 3624.xlsx,reporting/bscr/reconcile/filled in templates/2026 BSCR - UKEU - 3624 v2.xlsx,Schedule X(f),F60,,345,,
3624,reporting/bscr/reconcile/filled in templates/2026 BSCR - UKEU - 3624.xlsx,reporting/bscr/reconcile/filled in templates/2026 BSCR - UKEU - 3624 v2.xlsx,Schedule X(f),F64,0,345,"{""origin"": ""E64"", ""formula"": ""SUM(E60:E63)"", ""ref"": ""E64:M64""}","{""origin"": ""E64"", ""formula"": ""SUM(E60:E63)"", ""ref"": ""E64:M64""}"
3624,reporting/bscr/reconcile/filled in templates/2026 BSCR - UKEU - 3624.xlsx,reporting/bscr/reconcile/filled in templates/2026 BSCR - UKEU - 3624 v2.xlsx,Schedule X(f),G10,22746.034,2462.6999999999998,,
3624,reporting/bscr/reconcile/filled in templates/2026 BSCR - UKEU - 3624.xlsx,reporting/bscr/reconcile/filled in templates/2026 BSCR - UKEU - 3624 v2.xlsx,Schedule X(f),G11,,345,,
3624,reporting/bscr/reconcile/filled in templates/2026 BSCR - UKEU - 3624.xlsx,reporting/bscr/reconcile/filled in templates/2026 BSCR - UKEU - 3624 v2.xlsx,Schedule X(f),G12,22746.034,2807.7,"{""origin"": ""E12"", ""formula"": ""SUM(E10:E11)"", ""ref"": ""E12:M12""}","{""origin"": ""E12"", ""formula"": ""SUM(E10:E11)"", ""ref"": ""E12:M12""}"
3624,reporting/bscr/reconcile/filled in templates/2026 BSCR - UKEU - 3624.xlsx,reporting/bscr/reconcile/filled in templates/2026 BSCR - UKEU - 3624 v2.xlsx,Schedule X(f),G19,22746.034,2462.6999999999998,,
3624,reporting/bscr/reconcile/filled in templates/2026 BSCR - UKEU - 3624.xlsx,reporting/bscr/reconcile/filled in templates/2026 BSCR - UKEU - 3624 v2.xlsx,Schedule X(f),G20,,345,,
3624,reporting/bscr/reconcile/filled in templates/2026 BSCR - UKEU - 3624.xlsx,reporting/bscr/reconcile/filled in templates/2026 BSCR - UKEU - 3624 v2.xlsx,Schedule X(f),G21,22746.034,2807.7,"{""origin"": ""E21"", ""formula"": ""SUM(E19:E20)"", ""ref"": ""E21:M21""}","{""origin"": ""E21"", ""formula"": ""SUM(E19:E20)"", ""ref"": ""E21:M21""}"
3624,reporting/bscr/reconcile/filled in templates/2026 BSCR - UKEU - 3624.xlsx,reporting/bscr/reconcile/filled in templates/2026 BSCR - UKEU - 3624 v2.xlsx,Schedule X(f),G28,22746.034,2462.6999999999998,,
3624,reporting/bscr/reconcile/filled in templates/2026 BSCR - UKEU - 3624.xlsx,reporting/bscr/reconcile/filled in templates/2026 BSCR - UKEU - 3624 v2.xlsx,Schedule X(f),G33,22746.034,2462.6999999999998,"{""origin"": ""E33"", ""formula"": ""SUM(E28:E32)"", ""ref"": ""E33:M33""}","{""origin"": ""E33"", ""formula"": ""SUM(E28:E32)"", ""ref"": ""E33:M33""}"
3624,reporting/bscr/reconcile/filled in templates/2026 BSCR - UKEU - 3624.xlsx,reporting/bscr/reconcile/filled in templates/2026 BSCR - UKEU - 3624 v2.xlsx,Schedule X(f),G43,,345,,
3624,reporting/bscr/reconcile/filled in templates/2026 BSCR - UKEU - 3624.xlsx,reporting/bscr/reconcile/filled in templates/2026 BSCR - UKEU - 3624 v2.xlsx,Schedule X(f),G46,0,345,"{""origin"": ""E46"", ""formula"": ""SUM(E43:E45)"", ""ref"": ""E46:M46""}","{""origin"": ""E46"", ""formula"": ""SUM(E43:E45)"", ""ref"": ""E46:M46""}"
3624,reporting/bscr/reconcile/filled in templates/2026 BSCR - UKEU - 3624.xlsx,reporting/bscr/reconcile/filled in templates/2026 BSCR - UKEU - 3624 v2.xlsx,Schedule X(f),G60,,345,,
3624,reporting/bscr/reconcile/filled in templates/2026 BSCR - UKEU - 3624.xlsx,reporting/bscr/reconcile/filled in templates/2026 BSCR - UKEU - 3624 v2.xlsx,Schedule X(f),G64,0,345,"{""origin"": ""E64"", ""formula"": ""SUM(E60:E63)"", ""ref"": ""E64:M64""}","{""origin"": ""E64"", ""formula"": ""SUM(E60:E63)"", ""ref"": ""E64:M64""}"
3624,reporting/bscr/reconcile/filled in templates/2026 BSCR - UKEU - 3624.xlsx,reporting/bscr/reconcile/filled in templates/2026 BSCR - UKEU - 3624 v2.xlsx,Schedule X(f),H10,173646,24,,
3624,reporting/bscr/reconcile/filled in templates/2026 BSCR - UKEU - 3624.xlsx,reporting/bscr/reconcile/filled in templates/2026 BSCR - UKEU - 3624 v2.xlsx,Schedule X(f),H11,,8,,
3624,reporting/bscr/reconcile/filled in templates/2026 BSCR - UKEU - 3624.xlsx,reporting/bscr/reconcile/filled in templates/2026 BSCR - UKEU - 3624 v2.xlsx,Schedule X(f),H12,173646,32,"{""origin"": ""E12"", ""formula"": ""SUM(E10:E11)"", ""ref"": ""E12:M12""}","{""origin"": ""E12"", ""formula"": ""SUM(E10:E11)"", ""ref"": ""E12:M12""}"
3624,reporting/bscr/reconcile/filled in templates/2026 BSCR - UKEU - 3624.xlsx,reporting/bscr/reconcile/filled in templates/2026 BSCR - UKEU - 3624 v2.xlsx,Schedule X(f),H19,173646,24,,
3624,reporting/bscr/reconcile/filled in templates/2026 BSCR - UKEU - 3624.xlsx,reporting/bscr/reconcile/filled in templates/2026 BSCR - UKEU - 3624 v2.xlsx,Schedule X(f),H20,,8,,
3624,reporting/bscr/reconcile/filled in templates/2026 BSCR - UKEU - 3624.xlsx,reporting/bscr/reconcile/filled in templates/2026 BSCR - UKEU - 3624 v2.xlsx,Schedule X(f),H21,173646,32,"{""origin"": ""E21"", ""formula"": ""SUM(E19:E20)"", ""ref"": ""E21:M21""}","{""origin"": ""E21"", ""formula"": ""SUM(E19:E20)"", ""ref"": ""E21:M21""}"
3624,reporting/bscr/reconcile/filled in templates/2026 BSCR - UKEU - 3624.xlsx,reporting/bscr/reconcile/filled in templates/2026 BSCR - UKEU - 3624 v2.xlsx,Schedule X(f),H28,173646,24,,
3624,reporting/bscr/reconcile/filled in templates/2026 BSCR - UKEU - 3624.xlsx,reporting/bscr/reconcile/filled in templates/2026 BSCR - UKEU - 3624 v2.xlsx,Schedule X(f),H33,173646,24,"{""origin"": ""E33"", ""formula"": ""SUM(E28:E32)"", ""ref"": ""E33:M33""}","{""origin"": ""E33"", ""formula"": ""SUM(E28:E32)"", ""ref"": ""E33:M33""}"
3624,reporting/bscr/reconcile/filled in templates/2026 BSCR - UKEU - 3624.xlsx,reporting/bscr/reconcile/filled in templates/2026 BSCR - UKEU - 3624 v2.xlsx,Schedule X(f),H43,,8,,
3624,reporting/bscr/reconcile/filled in templates/2026 BSCR - UKEU - 3624.xlsx,reporting/bscr/reconcile/filled in templates/2026 BSCR - UKEU - 3624 v2.xlsx,Schedule X(f),H46,0,8,"{""origin"": ""E46"", ""formula"": ""SUM(E43:E45)"", ""ref"": ""E46:M46""}","{""origin"": ""E46"", ""formula"": ""SUM(E43:E45)"", ""ref"": ""E46:M46""}"
3624,reporting/bscr/reconcile/filled in templates/2026 BSCR - UKEU - 3624.xlsx,reporting/bscr/reconcile/filled in templates/2026 BSCR - UKEU - 3624 v2.xlsx,Schedule X(f),H60,,8,,
3624,reporting/bscr/reconcile/filled in templates/2026 BSCR - UKEU - 3624.xlsx,reporting/bscr/reconcile/filled in templates/2026 BSCR - UKEU - 3624 v2.xlsx,Schedule X(f),H64,0,8,"{""origin"": ""E64"", ""formula"": ""SUM(E60:E63)"", ""ref"": ""E64:M64""}","{""origin"": ""E64"", ""formula"": ""SUM(E60:E63)"", ""ref"": ""E64:M64""}"
3624,reporting/bscr/reconcile/filled in templates/2026 BSCR - UKEU - 3624.xlsx,reporting/bscr/reconcile/filled in templates/2026 BSCR - UKEU - 3624 v2.xlsx,Schedule X(f),I10,121713424.16387899,17951.7968,,
3624,reporting/bscr/reconcile/filled in templates/2026 BSCR - UKEU - 3624.xlsx,reporting/bscr/reconcile/filled in templates/2026 BSCR - UKEU - 3624 v2.xlsx,Schedule X(f),I11,,1307,,
3624,reporting/bscr/reconcile/filled in templates/2026 BSCR - UKEU - 3624.xlsx,reporting/bscr/reconcile/filled in templates/2026 BSCR - UKEU - 3624 v2.xlsx,Schedule X(f),I12,121713424.16387899,19258.7968,"{""origin"": ""E12"", ""formula"": ""SUM(E10:E11)"", ""ref"": ""E12:M12""}","{""origin"": ""E12"", ""formula"": ""SUM(E10:E11)"", ""ref"": ""E12:M12""}"
3624,reporting/bscr/reconcile/filled in templates/2026 BSCR - UKEU - 3624.xlsx,reporting/bscr/reconcile/filled in templates/2026 BSCR - UKEU - 3624 v2.xlsx,Schedule X(f),I19,121713424.16387899,17951.7968,,
3624,reporting/bscr/reconcile/filled in templates/2026 BSCR - UKEU - 3624.xlsx,reporting/bscr/reconcile/filled in templates/2026 BSCR - UKEU - 3624 v2.xlsx,Schedule X(f),I20,,1307,,
3624,reporting/bscr/reconcile/filled in templates/2026 BSCR - UKEU - 3624.xlsx,reporting/bscr/reconcile/filled in templates/2026 BSCR - UKEU - 3624 v2.xlsx,Schedule X(f),I21,121713424.16387899,19258.7968,"{""origin"": ""E21"", ""formula"": ""SUM(E19:E20)"", ""ref"": ""E21:M21""}","{""origin"": ""E21"", ""formula"": ""SUM(E19:E20)"", ""ref"": ""E21:M21""}"
3624,reporting/bscr/reconcile/filled in templates/2026 BSCR - UKEU - 3624.xlsx,reporting/bscr/reconcile/filled in templates/2026 BSCR - UKEU - 3624 v2.xlsx,Schedule X(f),I28,121713424.16387899,17951.7968,,
3624,reporting/bscr/reconcile/filled in templates/2026 BSCR - UKEU - 3624.xlsx,reporting/bscr/reconcile/filled in templates/2026 BSCR - UKEU - 3624 v2.xlsx,Schedule X(f),I33,121713424.16387899,17951.7968,"{""origin"": ""E33"", ""formula"": ""SUM(E28:E32)"", ""ref"": ""E33:M33""}","{""origin"": ""E33"", ""formula"": ""SUM(E28:E32)"", ""ref"": ""E33:M33""}"
3624,reporting/bscr/reconcile/filled in templates/2026 BSCR - UKEU - 3624.xlsx,reporting/bscr/reconcile/filled in templates/2026 BSCR - UKEU - 3624 v2.xlsx,Schedule X(f),I43,,1307,,
3624,reporting/bscr/reconcile/filled in templates/2026 BSCR - UKEU - 3624.xlsx,reporting/bscr/reconcile/filled in templates/2026 BSCR - UKEU - 3624 v2.xlsx,Schedule X(f),I46,0,1307,"{""origin"": ""E46"", ""formula"": ""SUM(E43:E45)"", ""ref"": ""E46:M46""}","{""origin"": ""E46"", ""formula"": ""SUM(E43:E45)"", ""ref"": ""E46:M46""}"
3624,reporting/bscr/reconcile/filled in templates/2026 BSCR - UKEU - 3624.xlsx,reporting/bscr/reconcile/filled in templates/2026 BSCR - UKEU - 3624 v2.xlsx,Schedule X(f),I60,,1307,,
3624,reporting/bscr/reconcile/filled in templates/2026 BSCR - UKEU - 3624.xlsx,reporting/bscr/reconcile/filled in templates/2026 BSCR - UKEU - 3624 v2.xlsx,Schedule X(f),I64,0,1307,"{""origin"": ""E64"", ""formula"": ""SUM(E60:E63)"", ""ref"": ""E64:M64""}","{""origin"": ""E64"", ""formula"": ""SUM(E60:E63)"", ""ref"": ""E64:M64""}"
3624,reporting/bscr/reconcile/filled in templates/2026 BSCR - UKEU - 3624.xlsx,reporting/bscr/reconcile/filled in templates/2026 BSCR - UKEU - 3624 v2.xlsx,Schedule X(f),J10,121713424.16387899,17951.7968,,
3624,reporting/bscr/reconcile/filled in templates/2026 BSCR - UKEU - 3624.xlsx,reporting/bscr/reconcile/filled in templates/2026 BSCR - UKEU - 3624 v2.xlsx,Schedule X(f),J11,,1307,,
3624,reporting/bscr/reconcile/filled in templates/2026 BSCR - UKEU - 3624.xlsx,reporting/bscr/reconcile/filled in templates/2026 BSCR - UKEU - 3624 v2.xlsx,Schedule X(f),J12,121713424.16387899,19258.7968,"{""origin"": ""E12"", ""formula"": ""SUM(E10:E11)"", ""ref"": ""E12:M12""}","{""origin"": ""E12"", ""formula"": ""SUM(E10:E11)"", ""ref"": ""E12:M12""}"
3624,reporting/bscr/reconcile/filled in templates/2026 BSCR - UKEU - 3624.xlsx,reporting/bscr/reconcile/filled in templates/2026 BSCR - UKEU - 3624 v2.xlsx,Schedule X(f),J19,121713424.16387899,17951.7968,,
3624,reporting/bscr/reconcile/filled in templates/2026 BSCR - UKEU - 3624.xlsx,reporting/bscr/reconcile/filled in templates/2026 BSCR - UKEU - 3624 v2.xlsx,Schedule X(f),J20,,1307,,
3624,reporting/bscr/reconcile/filled in templates/2026 BSCR - UKEU - 3624.xlsx,reporting/bscr/reconcile/filled in templates/2026 BSCR - UKEU - 3624 v2.xlsx,Schedule X(f),J21,121713424.16387899,19258.7968,"{""origin"": ""E21"", ""formula"": ""SUM(E19:E20)"", ""ref"": ""E21:M21""}","{""origin"": ""E21"", ""formula"": ""SUM(E19:E20)"", ""ref"": ""E21:M21""}"
3624,reporting/bscr/reconcile/filled in templates/2026 BSCR - UKEU - 3624.xlsx,reporting/bscr/reconcile/filled in templates/2026 BSCR - UKEU - 3624 v2.xlsx,Schedule X(f),J28,121713424.16387899,17951.7968,,
3624,reporting/bscr/reconcile/filled in templates/2026 BSCR - UKEU - 3624.xlsx,reporting/bscr/reconcile/filled in templates/2026 BSCR - UKEU - 3624 v2.xlsx,Schedule X(f),J33,121713424.16387899,17951.7968,"{""origin"": ""E33"", ""formula"": ""SUM(E28:E32)"", ""ref"": ""E33:M33""}","{""origin"": ""E33"", ""formula"": ""SUM(E28:E32)"", ""ref"": ""E33:M33""}"
3624,reporting/bscr/reconcile/filled in templates/2026 BSCR - UKEU - 3624.xlsx,reporting/bscr/reconcile/filled in templates/2026 BSCR - UKEU - 3624 v2.xlsx,Schedule X(f),J43,,1307,,
3624,reporting/bscr/reconcile/filled in templates/2026 BSCR - UKEU - 3624.xlsx,reporting/bscr/reconcile/filled in templates/2026 BSCR - UKEU - 3624 v2.xlsx,Schedule X(f),J46,0,1307,"{""origin"": ""E46"", ""formula"": ""SUM(E43:E45)"", ""ref"": ""E46:M46""}","{""origin"": ""E46"", ""formula"": ""SUM(E43:E45)"", ""ref"": ""E46:M46""}"
3624,reporting/bscr/reconcile/filled in templates/2026 BSCR - UKEU - 3624.xlsx,reporting/bscr/reconcile/filled in templates/2026 BSCR - UKEU - 3624 v2.xlsx,Schedule X(f),J60,,1307,,
3624,reporting/bscr/reconcile/filled in templates/2026 BSCR - UKEU - 3624.xlsx,reporting/bscr/reconcile/filled in templates/2026 BSCR - UKEU - 3624 v2.xlsx,Schedule X(f),J64,0,1307,"{""origin"": ""E64"", ""formula"": ""SUM(E60:E63)"", ""ref"": ""E64:M64""}","{""origin"": ""E64"", ""formula"": ""SUM(E60:E63)"", ""ref"": ""E64:M64""}"
3624,reporting/bscr/reconcile/filled in templates/2026 BSCR - UKEU - 3624.xlsx,reporting/bscr/reconcile/filled in templates/2026 BSCR - UKEU - 3624 v2.xlsx,Schedule X(f),K10,173678,27,H10+E10,H10+E10
3624,reporting/bscr/reconcile/filled in templates/2026 BSCR - UKEU - 3624.xlsx,reporting/bscr/reconcile/filled in templates/2026 BSCR - UKEU - 3624 v2.xlsx,Schedule X(f),K11,0,9,"{""origin"": ""K10"", ""formula"": ""H10+E10"", ""ref"": ""K10:M11""}","{""origin"": ""K10"", ""formula"": ""H10+E10"", ""ref"": ""K10:M11""}"
3624,reporting/bscr/reconcile/filled in templates/2026 BSCR - UKEU - 3624.xlsx,reporting/bscr/reconcile/filled in templates/2026 BSCR - UKEU - 3624 v2.xlsx,Schedule X(f),K12,173678,36,"{""origin"": ""E12"", ""formula"": ""SUM(E10:E11)"", ""ref"": ""E12:M12""}","{""origin"": ""E12"", ""formula"": ""SUM(E10:E11)"", ""ref"": ""E12:M12""}"
3624,reporting/bscr/reconcile/filled in templates/2026 BSCR - UKEU - 3624.xlsx,reporting/bscr/reconcile/filled in templates/2026 BSCR - UKEU - 3624 v2.xlsx,Schedule X(f),K19,173678,27,H19+E19,H19+E19
3624,reporting/bscr/reconcile/filled in templates/2026 BSCR - UKEU - 3624.xlsx,reporting/bscr/reconcile/filled in templates/2026 BSCR - UKEU - 3624 v2.xlsx,Schedule X(f),K20,0,9,"{""origin"": ""K19"", ""formula"": ""H19+E19"", ""ref"": ""K19:L21""}","{""origin"": ""K19"", ""formula"": ""H19+E19"", ""ref"": ""K19:L21""}"
3624,reporting/bscr/reconcile/filled in templates/2026 BSCR - UKEU - 3624.xlsx,reporting/bscr/reconcile/filled in templates/2026 BSCR - UKEU - 3624 v2.xlsx,Schedule X(f),K21,173678,36,"{""origin"": ""K19"", ""formula"": ""H19+E19"", ""ref"": ""K19:L21""}","{""origin"": ""K19"", ""formula"": ""H19+E19"", ""ref"": ""K19:L21""}"
3624,reporting/bscr/reconcile/filled in templates/2026 BSCR - UKEU - 3624.xlsx,reporting/bscr/reconcile/filled in templates/2026 BSCR - UKEU - 3624 v2.xlsx,Schedule X(f),K28,173678,27,H28+E28,H28+E28
3624,reporting/bscr/reconcile/filled in templates/2026 BSCR - UKEU - 3624.xlsx,reporting/bscr/reconcile/filled in templates/2026 BSCR - UKEU - 3624 v2.xlsx,Schedule X(f),K33,173678,27,"{""origin"": ""E33"", ""formula"": ""SUM(E28:E32)"", ""ref"": ""E33:M33""}","{""origin"": ""E33"", ""formula"": ""SUM(E28:E32)"", ""ref"": ""E33:M33""}"
3624,reporting/bscr/reconcile/filled in templates/2026 BSCR - UKEU - 3624.xlsx,reporting/bscr/reconcile/filled in templates/2026 BSCR - UKEU - 3624 v2.xlsx,Schedule X(f),K43,0,9,H43+E43,H43+E43
3624,reporting/bscr/reconcile/filled in templates/2026 BSCR - UKEU - 3624.xlsx,reporting/bscr/reconcile/filled in templates/2026 BSCR - UKEU - 3624 v2.xlsx,Schedule X(f),K46,0,9,"{""origin"": ""E46"", ""formula"": ""SUM(E43:E45)"", ""ref"": ""E46:M46""}","{""origin"": ""E46"", ""formula"": ""SUM(E43:E45)"", ""ref"": ""E46:M46""}"
3624,reporting/bscr/reconcile/filled in templates/2026 BSCR - UKEU - 3624.xlsx,reporting/bscr/reconcile/filled in templates/2026 BSCR - UKEU - 3624 v2.xlsx,Schedule X(f),K60,0,9,H60+E60,H60+E60
3624,reporting/bscr/reconcile/filled in templates/2026 BSCR - UKEU - 3624.xlsx,reporting/bscr/reconcile/filled in templates/2026 BSCR - UKEU - 3624 v2.xlsx,Schedule X(f),K64,0,9,"{""origin"": ""E64"", ""formula"": ""SUM(E60:E63)"", ""ref"": ""E64:M64""}","{""origin"": ""E64"", ""formula"": ""SUM(E60:E63)"", ""ref"": ""E64:M64""}"
3624,reporting/bscr/reconcile/filled in templates/2026 BSCR - UKEU - 3624.xlsx,reporting/bscr/reconcile/filled in templates/2026 BSCR - UKEU - 3624 v2.xlsx,Schedule X(f),L10,121736170.19787899,20414.496800000001,"{""origin"": ""K10"", ""formula"": ""H10+E10"", ""ref"": ""K10:M11""}","{""origin"": ""K10"", ""formula"": ""H10+E10"", ""ref"": ""K10:M11""}"
3624,reporting/bscr/reconcile/filled in templates/2026 BSCR - UKEU - 3624.xlsx,reporting/bscr/reconcile/filled in templates/2026 BSCR - UKEU - 3624 v2.xlsx,Schedule X(f),L11,0,1652,"{""origin"": ""K10"", ""formula"": ""H10+E10"", ""ref"": ""K10:M11""}","{""origin"": ""K10"", ""formula"": ""H10+E10"", ""ref"": ""K10:M11""}"
3624,reporting/bscr/reconcile/filled in templates/2026 BSCR - UKEU - 3624.xlsx,reporting/bscr/reconcile/filled in templates/2026 BSCR - UKEU - 3624 v2.xlsx,Schedule X(f),L12,121736170.19787899,22066.496800000001,I12+F12,I12+F12
3624,reporting/bscr/reconcile/filled in templates/2026 BSCR - UKEU - 3624.xlsx,reporting/bscr/reconcile/filled in templates/2026 BSCR - UKEU - 3624 v2.xlsx,Schedule X(f),L19,121736170.19787899,20414.496800000001,"{""origin"": ""K19"", ""formula"": ""H19+E19"", ""ref"": ""K19:L21""}","{""origin"": ""K19"", ""formula"": ""H19+E19"", ""ref"": ""K19:L21""}"
3624,reporting/bscr/reconcile/filled in templates/2026 BSCR - UKEU - 3624.xlsx,reporting/bscr/reconcile/filled in templates/2026 BSCR - UKEU - 3624 v2.xlsx,Schedule X(f),L20,0,1652,"{""origin"": ""K19"", ""formula"": ""H19+E19"", ""ref"": ""K19:L21""}","{""origin"": ""K19"", ""formula"": ""H19+E19"", ""ref"": ""K19:L21""}"
3624,reporting/bscr/reconcile/filled in templates/2026 BSCR - UKEU - 3624.xlsx,reporting/bscr/reconcile/filled in templates/2026 BSCR - UKEU - 3624 v2.xlsx,Schedule X(f),L21,121736170.19787899,22066.496800000001,"{""origin"": ""K19"", ""formula"": ""H19+E19"", ""ref"": ""K19:L21""}","{""origin"": ""K19"", ""formula"": ""H19+E19"", ""ref"": ""K19:L21""}"
3624,reporting/bscr/reconcile/filled in templates/2026 BSCR - UKEU - 3624.xlsx,reporting/bscr/reconcile/filled in templates/2026 BSCR - UKEU - 3624 v2.xlsx,Schedule X(f),L28,121736170.19787899,20414.496800000001,"{""origin"": ""K28"", ""formula"": ""H28+E28"", ""ref"": ""K28:L32""}","{""origin"": ""K28"", ""formula"": ""H28+E28"", ""ref"": ""K28:L32""}"
3624,reporting/bscr/reconcile/filled in templates/2026 BSCR - UKEU - 3624.xlsx,reporting/bscr/reconcile/filled in templates/2026 BSCR - UKEU - 3624 v2.xlsx,Schedule X(f),L33,121736170.19787899,20414.496800000001,I33+F33,I33+F33
3624,reporting/bscr/reconcile/filled in templates/2026 BSCR - UKEU - 3624.xlsx,reporting/bscr/reconcile/filled in templates/2026 BSCR - UKEU - 3624 v2.xlsx,Schedule X(f),L43,0,1652,"{""origin"": ""K43"", ""formula"": ""H43+E43"", ""ref"": ""K43:L45""}","{""origin"": ""K43"", ""formula"": ""H43+E43"", ""ref"": ""K43:L45""}"
3624,reporting/bscr/reconcile/filled in templates/2026 BSCR - UKEU - 3624.xlsx,reporting/bscr/reconcile/filled in templates/2026 BSCR - UKEU - 3624 v2.xlsx,Schedule X(f),L46,0,1652,I46+F46,I46+F46
3624,reporting/bscr/reconcile/filled in templates/2026 BSCR - UKEU - 3624.xlsx,reporting/bscr/reconcile/filled in templates/2026 BSCR - UKEU - 3624 v2.xlsx,Schedule X(f),L60,0,1652,"{""origin"": ""K60"", ""formula"": ""H60+E60"", ""ref"": ""K60:L63""}","{""origin"": ""K60"", ""formula"": ""H60+E60"", ""ref"": ""K60:L63""}"
3624,reporting/bscr/reconcile/filled in templates/2026 BSCR - UKEU - 3624.xlsx,reporting/bscr/reconcile/filled in templates/2026 BSCR - UKEU - 3624 v2.xlsx,Schedule X(f),L64,0,1652,I64+F64,I64+F64
3624,reporting/bscr/reconcile/filled in templates/2026 BSCR - UKEU - 3624.xlsx,reporting/bscr/reconcile/filled in templates/2026 BSCR - UKEU - 3624 v2.xlsx,Schedule X(f),M10,121736170.19787899,20414.496800000001,"{""origin"": ""K10"", ""formula"": ""H10+E10"", ""ref"": ""K10:M11""}","{""origin"": ""K10"", ""formula"": ""H10+E10"", ""ref"": ""K10:M11""}"
3624,reporting/bscr/reconcile/filled in templates/2026 BSCR - UKEU - 3624.xlsx,reporting/bscr/reconcile/filled in templates/2026 BSCR - UKEU - 3624 v2.xlsx,Schedule X(f),M11,0,1652,"{""origin"": ""K10"", ""formula"": ""H10+E10"", ""ref"": ""K10:M11""}","{""origin"": ""K10"", ""formula"": ""H10+E10"", ""ref"": ""K10:M11""}"
3624,reporting/bscr/reconcile/filled in templates/2026 BSCR - UKEU - 3624.xlsx,reporting/bscr/reconcile/filled in templates/2026 BSCR - UKEU - 3624 v2.xlsx,Schedule X(f),M12,121736170.19787899,22066.496800000001,"{""origin"": ""E12"", ""formula"": ""SUM(E10:E11)"", ""ref"": ""E12:M12""}","{""origin"": ""E12"", ""formula"": ""SUM(E10:E11)"", ""ref"": ""E12:M12""}"
3624,reporting/bscr/reconcile/filled in templates/2026 BSCR - UKEU - 3624.xlsx,reporting/bscr/reconcile/filled in templates/2026 BSCR - UKEU - 3624 v2.xlsx,Schedule X(f),M19,121736170.19787899,20414.496800000001,J19+G19,J19+G19
3624,reporting/bscr/reconcile/filled in templates/2026 BSCR - UKEU - 3624.xlsx,reporting/bscr/reconcile/filled in templates/2026 BSCR - UKEU - 3624 v2.xlsx,Schedule X(f),M20,0,1652,J20+G20,J20+G20
3624,reporting/bscr/reconcile/filled in templates/2026 BSCR - UKEU - 3624.xlsx,reporting/bscr/reconcile/filled in templates/2026 BSCR - UKEU - 3624 v2.xlsx,Schedule X(f),M21,121736170.19787899,22066.496800000001,"{""origin"": ""E21"", ""formula"": ""SUM(E19:E20)"", ""ref"": ""E21:M21""}","{""origin"": ""E21"", ""formula"": ""SUM(E19:E20)"", ""ref"": ""E21:M21""}"
3624,reporting/bscr/reconcile/filled in templates/2026 BSCR - UKEU - 3624.xlsx,reporting/bscr/reconcile/filled in templates/2026 BSCR - UKEU - 3624 v2.xlsx,Schedule X(f),M28,121736170.19787899,20414.496800000001,J28+G28,J28+G28
3624,reporting/bscr/reconcile/filled in templates/2026 BSCR - UKEU - 3624.xlsx,reporting/bscr/reconcile/filled in templates/2026 BSCR - UKEU - 3624 v2.xlsx,Schedule X(f),M33,121736170.19787899,20414.496800000001,"{""origin"": ""E33"", ""formula"": ""SUM(E28:E32)"", ""ref"": ""E33:M33""}","{""origin"": ""E33"", ""formula"": ""SUM(E28:E32)"", ""ref"": ""E33:M33""}"
3624,reporting/bscr/reconcile/filled in templates/2026 BSCR - UKEU - 3624.xlsx,reporting/bscr/reconcile/filled in templates/2026 BSCR - UKEU - 3624 v2.xlsx,Schedule X(f),M43,0,1652,J43+G43,J43+G43
3624,reporting/bscr/reconcile/filled in templates/2026 BSCR - UKEU - 3624.xlsx,reporting/bscr/reconcile/filled in templates/2026 BSCR - UKEU - 3624 v2.xlsx,Schedule X(f),M46,0,1652,"{""origin"": ""E46"", ""formula"": ""SUM(E43:E45)"", ""ref"": ""E46:M46""}","{""origin"": ""E46"", ""formula"": ""SUM(E43:E45)"", ""ref"": ""E46:M46""}"
3624,reporting/bscr/reconcile/filled in templates/2026 BSCR - UKEU - 3624.xlsx,reporting/bscr/reconcile/filled in templates/2026 BSCR - UKEU - 3624 v2.xlsx,Schedule X(f),M60,0,1652,J60+G60,J60+G60
3624,reporting/bscr/reconcile/filled in templates/2026 BSCR - UKEU - 3624.xlsx,reporting/bscr/reconcile/filled in templates/2026 BSCR - UKEU - 3624 v2.xlsx,Schedule X(f),M64,0,1652,"{""origin"": ""E64"", ""formula"": ""SUM(E60:E63)"", ""ref"": ""E64:M64""}","{""origin"": ""E64"", ""formula"": ""SUM(E60:E63)"", ""ref"": ""E64:M64""}"
3624,reporting/bscr/reconcile/filled in templates/2026 BSCR - UKEU - 3624 v2.xlsx,reporting/bscr/reconcile/2026 BSCR - UKEU - 3624.xlsx,Schedule X(a),E21,,0.31,,
3624,reporting/bscr/reconcile/filled in templates/2026 BSCR - UKEU - 3624 v2.xlsx,reporting/bscr/reconcile/2026 BSCR - UKEU - 3624.xlsx,Schedule X(a),E25,20414.496800000001,26,,
3624,reporting/bscr/reconcile/filled in templates/2026 BSCR - UKEU - 3624 v2.xlsx,reporting/bscr/reconcile/2026 BSCR - UKEU - 3624.xlsx,Schedule X(a),E26,1652,4,,
3624,reporting/bscr/reconcile/filled in templates/2026 BSCR - UKEU - 3624 v2.xlsx,reporting/bscr/reconcile/2026 BSCR - UKEU - 3624.xlsx,Schedule X(a),J21,,0.32,,
3624,reporting/bscr/reconcile/filled in templates/2026 BSCR - UKEU - 3624 v2.xlsx,reporting/bscr/reconcile/2026 BSCR - UKEU - 3624.xlsx,Schedule X(a),J25,20414.496800000001,26,,
3624,reporting/bscr/reconcile/filled in templates/2026 BSCR - UKEU - 3624 v2.xlsx,reporting/bscr/reconcile/2026 BSCR - UKEU - 3624.xlsx,Schedule X(a),J26,1652,4,,
3624,reporting/bscr/reconcile/filled in templates/2026 BSCR - UKEU - 3624 v2.xlsx,reporting/bscr/reconcile/2026 BSCR - UKEU - 3624.xlsx,Schedule X(b),E23,0,0.31,[3]Import!G4098,
3624,reporting/bscr/reconcile/filled in templates/2026 BSCR - UKEU - 3624 v2.xlsx,reporting/bscr/reconcile/2026 BSCR - UKEU - 3624.xlsx,Schedule X(b),E25,0,,[3]Import!G4099,
3624,reporting/bscr/reconcile/filled in templates/2026 BSCR - UKEU - 3624 v2.xlsx,reporting/bscr/reconcile/2026 BSCR - UKEU - 3624.xlsx,Schedule X(b),E26,0,,[3]Import!G4100,
3624,reporting/bscr/reconcile/filled in templates/2026 BSCR - UKEU - 3624 v2.xlsx,reporting/bscr/reconcile/2026 BSCR - UKEU - 3624.xlsx,Schedule X(b),E27,20414.496800000001,26,,
3624,reporting/bscr/reconcile/filled in templates/2026 BSCR - UKEU - 3624 v2.xlsx,reporting/bscr/reconcile/2026 BSCR - UKEU - 3624.xlsx,Schedule X(b),E28,1652,4,,
3624,reporting/bscr/reconcile/filled in templates/2026 BSCR - UKEU - 3624 v2.xlsx,reporting/bscr/reconcile/2026 BSCR - UKEU - 3624.xlsx,Schedule X(b),E29,0,,[3]Import!G4103,
3624,reporting/bscr/reconcile/filled in templates/2026 BSCR - UKEU - 3624 v2.xlsx,reporting/bscr/reconcile/2026 BSCR - UKEU - 3624.xlsx,Schedule X(b),E30,0,,[3]Import!G4104,
3624,reporting/bscr/reconcile/filled in templates/2026 BSCR - UKEU - 3624 v2.xlsx,reporting/bscr/reconcile/2026 BSCR - UKEU - 3624.xlsx,Schedule X(b),J23,0,0.32,[3]Import!G4109,
3624,reporting/bscr/reconcile/filled in templates/2026 BSCR - UKEU - 3624 v2.xlsx,reporting/bscr/reconcile/2026 BSCR - UKEU - 3624.xlsx,Schedule X(b),J25,0,,[3]Import!G4110,
3624,reporting/bscr/reconcile/filled in templates/2026 BSCR - UKEU - 3624 v2.xlsx,reporting/bscr/reconcile/2026 BSCR - UKEU - 3624.xlsx,Schedule X(b),J26,0,,[3]Import!G4111,
3624,reporting/bscr/reconcile/filled in templates/2026 BSCR - UKEU - 3624 v2.xlsx,reporting/bscr/reconcile/2026 BSCR - UKEU - 3624.xlsx,Schedule X(b),J27,20414.496800000001,26,,
3624,reporting/bscr/reconcile/filled in templates/2026 BSCR - UKEU - 3624 v2.xlsx,reporting/bscr/reconcile/2026 BSCR - UKEU - 3624.xlsx,Schedule X(b),J28,1652,4,,
3624,reporting/bscr/reconcile/filled in templates/2026 BSCR - UKEU - 3624 v2.xlsx,reporting/bscr/reconcile/2026 BSCR - UKEU - 3624.xlsx,Schedule X(b),J29,0,,[3]Import!G4114,
3624,reporting/bscr/reconcile/filled in templates/2026 BSCR - UKEU - 3624 v2.xlsx,reporting/bscr/reconcile/2026 BSCR - UKEU - 3624.xlsx,Schedule X(b),J30,0,,[3]Import!G4115,
3624,reporting/bscr/reconcile/filled in templates/2026 BSCR - UKEU - 3624 v2.xlsx,reporting/bscr/reconcile/2026 BSCR - UKEU - 3624.xlsx,Schedule X(c),E25,,0.04,,
3624,reporting/bscr/reconcile/filled in templates/2026 BSCR - UKEU - 3624 v2.xlsx,reporting/bscr/reconcile/2026 BSCR - UKEU - 3624.xlsx,Schedule X(c),E27,400,4.3303950000000002,,
3624,reporting/bscr/reconcile/filled in templates/2026 BSCR - UKEU - 3624 v2.xlsx,reporting/bscr/reconcile/2026 BSCR - UKEU - 3624.xlsx,Schedule X(c),E47,,0.04,,
3624,reporting/bscr/reconcile/filled in templates/2026 BSCR - UKEU - 3624 v2.xlsx,reporting/bscr/reconcile/2026 BSCR - UKEU - 3624.xlsx,Schedule X(c),E49,220,0.29699999999999999,,
3624,reporting/bscr/reconcile/filled in templates/2026 BSCR - UKEU - 3624 v2.xlsx,reporting/bscr/reconcile/2026 BSCR - UKEU - 3624.xlsx,Schedule X(c),E69,,0.08,,
3624,reporting/bscr/reconcile/filled in templates/2026 BSCR - UKEU - 3624 v2.xlsx,reporting/bscr/reconcile/2026 BSCR - UKEU - 3624.xlsx,Schedule X(c),E71,5578,7.5303000000000013,,
3624,reporting/bscr/reconcile/filled in templates/2026 BSCR - UKEU - 3624 v2.xlsx,reporting/bscr/reconcile/2026 BSCR - UKEU - 3624.xlsx,Schedule X(c),F25,,0.04,,
3624,reporting/bscr/reconcile/filled in templates/2026 BSCR - UKEU - 3624 v2.xlsx,reporting/bscr/reconcile/2026 BSCR - UKEU - 3624.xlsx,Schedule X(c),F27,400,4.3303950000000002,,
3624,reporting/bscr/reconcile/filled in templates/2026 BSCR - UKEU - 3624 v2.xlsx,reporting/bscr/reconcile/2026 BSCR - UKEU - 3624.xlsx,Schedule X(c),F47,,0.04,,
3624,reporting/bscr/reconcile/filled in templates/2026 BSCR - UKEU - 3624 v2.xlsx,reporting/bscr/reconcile/2026 BSCR - UKEU - 3624.xlsx,Schedule X(c),F49,220,0.29699999999999999,,
3624,reporting/bscr/reconcile/filled in templates/2026 BSCR - UKEU - 3624 v2.xlsx,reporting/bscr/reconcile/2026 BSCR - UKEU - 3624.xlsx,Schedule X(c),F69,,0.08,,
3624,reporting/bscr/reconcile/filled in templates/2026 BSCR - UKEU - 3624 v2.xlsx,reporting/bscr/reconcile/2026 BSCR - UKEU - 3624.xlsx,Schedule X(c),F71,5578,7.5303000000000013,,
3624,reporting/bscr/reconcile/filled in templates/2026 BSCR - UKEU - 3624 v2.xlsx,reporting/bscr/reconcile/2026 BSCR - UKEU - 3624.xlsx,Schedule X(f),C49,,Territories covered individually too small to require modelled assessment of exposure,,
3624,reporting/bscr/reconcile/filled in templates/2026 BSCR - UKEU - 3624 v2.xlsx,reporting/bscr/reconcile/2026 BSCR - UKEU - 3624.xlsx,Schedule X(f),E10,3,4,,
3624,reporting/bscr/reconcile/filled in templates/2026 BSCR - UKEU - 3624 v2.xlsx,reporting/bscr/reconcile/2026 BSCR - UKEU - 3624.xlsx,Schedule X(f),E11,1,,,
3624,reporting/bscr/reconcile/filled in templates/2026 BSCR - UKEU - 3624 v2.xlsx,reporting/bscr/reconcile/2026 BSCR - UKEU - 3624.xlsx,Schedule X(f),E28,3,,,
3624,reporting/bscr/reconcile/filled in templates/2026 BSCR - UKEU - 3624 v2.xlsx,reporting/bscr/reconcile/2026 BSCR - UKEU - 3624.xlsx,Schedule X(f),E29,,3,,
3624,reporting/bscr/reconcile/filled in templates/2026 BSCR - UKEU - 3624 v2.xlsx,reporting/bscr/reconcile/2026 BSCR - UKEU - 3624.xlsx,Schedule X(f),E60,1,,,
3624,reporting/bscr/reconcile/filled in templates/2026 BSCR - UKEU - 3624 v2.xlsx,reporting/bscr/reconcile/2026 BSCR - UKEU - 3624.xlsx,Schedule X(f),E64,1,0,SUM(E60:E63),SUM(E60:E63)
3624,reporting/bscr/reconcile/filled in templates/2026 BSCR - UKEU - 3624 v2.xlsx,reporting/bscr/reconcile/2026 BSCR - UKEU - 3624.xlsx,Schedule X(f),F10,2462.6999999999998,4,,
3624,reporting/bscr/reconcile/filled in templates/2026 BSCR - UKEU - 3624 v2.xlsx,reporting/bscr/reconcile/2026 BSCR - UKEU - 3624.xlsx,Schedule X(f),F11,345,,,
3624,reporting/bscr/reconcile/filled in templates/2026 BSCR - UKEU - 3624 v2.xlsx,reporting/bscr/reconcile/2026 BSCR - UKEU - 3624.xlsx,Schedule X(f),F12,2807.7,4,"{""origin"": ""E12"", ""formula"": ""SUM(E10:E11)"", ""ref"": ""E12:M12""}","{""origin"": ""E12"", ""formula"": ""SUM(E10:E11)"", ""ref"": ""E12:M12""}"
3624,reporting/bscr/reconcile/filled in templates/2026 BSCR - UKEU - 3624 v2.xlsx,reporting/bscr/reconcile/2026 BSCR - UKEU - 3624.xlsx,Schedule X(f),F19,2462.6999999999998,3,,
3624,reporting/bscr/reconcile/filled in templates/2026 BSCR - UKEU - 3624 v2.xlsx,reporting/bscr/reconcile/2026 BSCR - UKEU - 3624.xlsx,Schedule X(f),F20,345,0,,
3624,reporting/bscr/reconcile/filled in templates/2026 BSCR - UKEU - 3624 v2.xlsx,reporting/bscr/reconcile/2026 BSCR - UKEU - 3624.xlsx,Schedule X(f),F21,2807.7,3,"{""origin"": ""E21"", ""formula"": ""SUM(E19:E20)"", ""ref"": ""E21:M21""}","{""origin"": ""E21"", ""formula"": ""SUM(E19:E20)"", ""ref"": ""E21:M21""}"
3624,reporting/bscr/reconcile/filled in templates/2026 BSCR - UKEU - 3624 v2.xlsx,reporting/bscr/reconcile/2026 BSCR - UKEU - 3624.xlsx,Schedule X(f),F28,2462.6999999999998,,,
3624,reporting/bscr/reconcile/filled in templates/2026 BSCR - UKEU - 3624 v2.xlsx,reporting/bscr/reconcile/2026 BSCR - UKEU - 3624.xlsx,Schedule X(f),F29,,3.3246449999999999,,
3624,reporting/bscr/reconcile/filled in templates/2026 BSCR - UKEU - 3624 v2.xlsx,reporting/bscr/reconcile/2026 BSCR - UKEU - 3624.xlsx,Schedule X(f),F33,2462.6999999999998,3.3246449999999999,"{""origin"": ""E33"", ""formula"": ""SUM(E28:E32)"", ""ref"": ""E33:M33""}","{""origin"": ""E33"", ""formula"": ""SUM(E28:E32)"", ""ref"": ""E33:M33""}"
3624,reporting/bscr/reconcile/filled in templates/2026 BSCR - UKEU - 3624 v2.xlsx,reporting/bscr/reconcile/2026 BSCR - UKEU - 3624.xlsx,Schedule X(f),F43,345,0,,
3624,reporting/bscr/reconcile/filled in templates/2026 BSCR - UKEU - 3624 v2.xlsx,reporting/bscr/reconcile/2026 BSCR - UKEU - 3624.xlsx,Schedule X(f),F46,345,0,"{""origin"": ""E46"", ""formula"": ""SUM(E43:E45)"", ""ref"": ""E46:M46""}","{""origin"": ""E46"", ""formula"": ""SUM(E43:E45)"", ""ref"": ""E46:M46""}"
3624,reporting/bscr/reconcile/filled in templates/2026 BSCR - UKEU - 3624 v2.xlsx,reporting/bscr/reconcile/2026 BSCR - UKEU - 3624.xlsx,Schedule X(f),F60,345,,,
3624,reporting/bscr/reconcile/filled in templates/2026 BSCR - UKEU - 3624 v2.xlsx,reporting/bscr/reconcile/2026 BSCR - UKEU - 3624.xlsx,Schedule X(f),F64,345,0,"{""origin"": ""E64"", ""formula"": ""SUM(E60:E63)"", ""ref"": ""E64:M64""}","{""origin"": ""E64"", ""formula"": ""SUM(E60:E63)"", ""ref"": ""E64:M64""}"
3624,reporting/bscr/reconcile/filled in templates/2026 BSCR - UKEU - 3624 v2.xlsx,reporting/bscr/reconcile/2026 BSCR - UKEU - 3624.xlsx,Schedule X(f),G10,2462.6999999999998,4,,
3624,reporting/bscr/reconcile/filled in templates/2026 BSCR - UKEU - 3624 v2.xlsx,reporting/bscr/reconcile/2026 BSCR - UKEU - 3624.xlsx,Schedule X(f),G11,345,,,
3624,reporting/bscr/reconcile/filled in templates/2026 BSCR - UKEU - 3624 v2.xlsx,reporting/bscr/reconcile/2026 BSCR - UKEU - 3624.xlsx,Schedule X(f),G12,2807.7,4,"{""origin"": ""E12"", ""formula"": ""SUM(E10:E11)"", ""ref"": ""E12:M12""}","{""origin"": ""E12"", ""formula"": ""SUM(E10:E11)"", ""ref"": ""E12:M12""}"
3624,reporting/bscr/reconcile/filled in templates/2026 BSCR - UKEU - 3624 v2.xlsx,reporting/bscr/reconcile/2026 BSCR - UKEU - 3624.xlsx,Schedule X(f),G19,2462.6999999999998,3,,
3624,reporting/bscr/reconcile/filled in templates/2026 BSCR - UKEU - 3624 v2.xlsx,reporting/bscr/reconcile/2026 BSCR - UKEU - 3624.xlsx,Schedule X(f),G20,345,0,,
3624,reporting/bscr/reconcile/filled in templates/2026 BSCR - UKEU - 3624 v2.xlsx,reporting/bscr/reconcile/2026 BSCR - UKEU - 3624.xlsx,Schedule X(f),G21,2807.7,3,"{""origin"": ""E21"", ""formula"": ""SUM(E19:E20)"", ""ref"": ""E21:M21""}","{""origin"": ""E21"", ""formula"": ""SUM(E19:E20)"", ""ref"": ""E21:M21""}"
3624,reporting/bscr/reconcile/filled in templates/2026 BSCR - UKEU - 3624 v2.xlsx,reporting/bscr/reconcile/2026 BSCR - UKEU - 3624.xlsx,Schedule X(f),G28,2462.6999999999998,,,
3624,reporting/bscr/reconcile/filled in templates/2026 BSCR - UKEU - 3624 v2.xlsx,reporting/bscr/reconcile/2026 BSCR - UKEU - 3624.xlsx,Schedule X(f),G29,,3.3246449999999999,,
3624,reporting/bscr/reconcile/filled in templates/2026 BSCR - UKEU - 3624 v2.xlsx,reporting/bscr/reconcile/2026 BSCR - UKEU - 3624.xlsx,Schedule X(f),G33,2462.6999999999998,3.3246449999999999,"{""origin"": ""E33"", ""formula"": ""SUM(E28:E32)"", ""ref"": ""E33:M33""}","{""origin"": ""E33"", ""formula"": ""SUM(E28:E32)"", ""ref"": ""E33:M33""}"
3624,reporting/bscr/reconcile/filled in templates/2026 BSCR - UKEU - 3624 v2.xlsx,reporting/bscr/reconcile/2026 BSCR - UKEU - 3624.xlsx,Schedule X(f),G43,345,0,,
3624,reporting/bscr/reconcile/filled in templates/2026 BSCR - UKEU - 3624 v2.xlsx,reporting/bscr/reconcile/2026 BSCR - UKEU - 3624.xlsx,Schedule X(f),G46,345,0,"{""origin"": ""E46"", ""formula"": ""SUM(E43:E45)"", ""ref"": ""E46:M46""}","{""origin"": ""E46"", ""formula"": ""SUM(E43:E45)"", ""ref"": ""E46:M46""}"
3624,reporting/bscr/reconcile/filled in templates/2026 BSCR - UKEU - 3624 v2.xlsx,reporting/bscr/reconcile/2026 BSCR - UKEU - 3624.xlsx,Schedule X(f),G60,345,,,
3624,reporting/bscr/reconcile/filled in templates/2026 BSCR - UKEU - 3624 v2.xlsx,reporting/bscr/reconcile/2026 BSCR - UKEU - 3624.xlsx,Schedule X(f),G64,345,0,"{""origin"": ""E64"", ""formula"": ""SUM(E60:E63)"", ""ref"": ""E64:M64""}","{""origin"": ""E64"", ""formula"": ""SUM(E60:E63)"", ""ref"": ""E64:M64""}"
3624,reporting/bscr/reconcile/filled in templates/2026 BSCR - UKEU - 3624 v2.xlsx,reporting/bscr/reconcile/2026 BSCR - UKEU - 3624.xlsx,Schedule X(f),H10,24,28,,
3624,reporting/bscr/reconcile/filled in templates/2026 BSCR - UKEU - 3624 v2.xlsx,reporting/bscr/reconcile/2026 BSCR - UKEU - 3624.xlsx,Schedule X(f),H11,8,4,,
3624,reporting/bscr/reconcile/filled in templates/2026 BSCR - UKEU - 3624 v2.xlsx,reporting/bscr/reconcile/2026 BSCR - UKEU - 3624.xlsx,Schedule X(f),H19,24,17,,
3624,reporting/bscr/reconcile/filled in templates/2026 BSCR - UKEU - 3624 v2.xlsx,reporting/bscr/reconcile/2026 BSCR - UKEU - 3624.xlsx,Schedule X(f),H20,8,11,,
3624,reporting/bscr/reconcile/filled in templates/2026 BSCR - UKEU - 3624 v2.xlsx,reporting/bscr/reconcile/2026 BSCR - UKEU - 3624.xlsx,Schedule X(f),H21,32,28,"{""origin"": ""E21"", ""formula"": ""SUM(E19:E20)"", ""ref"": ""E21:M21""}","{""origin"": ""E21"", ""formula"": ""SUM(E19:E20)"", ""ref"": ""E21:M21""}"
3624,reporting/bscr/reconcile/filled in templates/2026 BSCR - UKEU - 3624 v2.xlsx,reporting/bscr/reconcile/2026 BSCR - UKEU - 3624.xlsx,Schedule X(f),H28,24,15,,
3624,reporting/bscr/reconcile/filled in templates/2026 BSCR - UKEU - 3624 v2.xlsx,reporting/bscr/reconcile/2026 BSCR - UKEU - 3624.xlsx,Schedule X(f),H29,,2,,
3624,reporting/bscr/reconcile/filled in templates/2026 BSCR - UKEU - 3624 v2.xlsx,reporting/bscr/reconcile/2026 BSCR - UKEU - 3624.xlsx,Schedule X(f),H33,24,17,"{""origin"": ""E33"", ""formula"": ""SUM(E28:E32)"", ""ref"": ""E33:M33""}","{""origin"": ""E33"", ""formula"": ""SUM(E28:E32)"", ""ref"": ""E33:M33""}"
3624,reporting/bscr/reconcile/filled in templates/2026 BSCR - UKEU - 3624 v2.xlsx,reporting/bscr/reconcile/2026 BSCR - UKEU - 3624.xlsx,Schedule X(f),H43,8,2,,
3624,reporting/bscr/reconcile/filled in templates/2026 BSCR - UKEU - 3624 v2.xlsx,reporting/bscr/reconcile/2026 BSCR - UKEU - 3624.xlsx,Schedule X(f),H44,,0,,
3624,reporting/bscr/reconcile/filled in templates/2026 BSCR - UKEU - 3624 v2.xlsx,reporting/bscr/reconcile/2026 BSCR - UKEU - 3624.xlsx,Schedule X(f),H45,,9,,
3624,reporting/bscr/reconcile/filled in templates/2026 BSCR - UKEU - 3624 v2.xlsx,reporting/bscr/reconcile/2026 BSCR - UKEU - 3624.xlsx,Schedule X(f),H46,8,11,"{""origin"": ""E46"", ""formula"": ""SUM(E43:E45)"", ""ref"": ""E46:M46""}","{""origin"": ""E46"", ""formula"": ""SUM(E43:E45)"", ""ref"": ""E46:M46""}"
3624,reporting/bscr/reconcile/filled in templates/2026 BSCR - UKEU - 3624 v2.xlsx,reporting/bscr/reconcile/2026 BSCR - UKEU - 3624.xlsx,Schedule X(f),H60,8,0,,
3624,reporting/bscr/reconcile/filled in templates/2026 BSCR - UKEU - 3624 v2.xlsx,reporting/bscr/reconcile/2026 BSCR - UKEU - 3624.xlsx,Schedule X(f),H61,,4,,
3624,reporting/bscr/reconcile/filled in templates/2026 BSCR - UKEU - 3624 v2.xlsx,reporting/bscr/reconcile/2026 BSCR - UKEU - 3624.xlsx,Schedule X(f),H62,,0,,
3624,reporting/bscr/reconcile/filled in templates/2026 BSCR - UKEU - 3624 v2.xlsx,reporting/bscr/reconcile/2026 BSCR - UKEU - 3624.xlsx,Schedule X(f),H63,,0,,
3624,reporting/bscr/reconcile/filled in templates/2026 BSCR - UKEU - 3624 v2.xlsx,reporting/bscr/reconcile/2026 BSCR - UKEU - 3624.xlsx,Schedule X(f),H64,8,4,"{""origin"": ""E64"", ""formula"": ""SUM(E60:E63)"", ""ref"": ""E64:M64""}","{""origin"": ""E64"", ""formula"": ""SUM(E60:E63)"", ""ref"": ""E64:M64""}"
3624,reporting/bscr/reconcile/filled in templates/2026 BSCR - UKEU - 3624 v2.xlsx,reporting/bscr/reconcile/2026 BSCR - UKEU - 3624.xlsx,Schedule X(f),I10,17951.7968,24,,
3624,reporting/bscr/reconcile/filled in templates/2026 BSCR - UKEU - 3624 v2.xlsx,reporting/bscr/reconcile/2026 BSCR - UKEU - 3624.xlsx,Schedule X(f),I11,1307,2,,
3624,reporting/bscr/reconcile/filled in templates/2026 BSCR - UKEU - 3624 v2.xlsx,reporting/bscr/reconcile/2026 BSCR - UKEU - 3624.xlsx,Schedule X(f),I12,19258.7968,26,"{""origin"": ""E12"", ""formula"": ""SUM(E10:E11)"", ""ref"": ""E12:M12""}","{""origin"": ""E12"", ""formula"": ""SUM(E10:E11)"", ""ref"": ""E12:M12""}"
3624,reporting/bscr/reconcile/filled in templates/2026 BSCR - UKEU - 3624 v2.xlsx,reporting/bscr/reconcile/2026 BSCR - UKEU - 3624.xlsx,Schedule X(f),I19,17951.7968,23,,
3624,reporting/bscr/reconcile/filled in templates/2026 BSCR - UKEU - 3624 v2.xlsx,reporting/bscr/reconcile/2026 BSCR - UKEU - 3624.xlsx,Schedule X(f),I20,1307,2,,
3624,reporting/bscr/reconcile/filled in templates/2026 BSCR - UKEU - 3624 v2.xlsx,reporting/bscr/reconcile/2026 BSCR - UKEU - 3624.xlsx,Schedule X(f),I21,19258.7968,25,"{""origin"": ""E21"", ""formula"": ""SUM(E19:E20)"", ""ref"": ""E21:M21""}","{""origin"": ""E21"", ""formula"": ""SUM(E19:E20)"", ""ref"": ""E21:M21""}"
3624,reporting/bscr/reconcile/filled in templates/2026 BSCR - UKEU - 3624 v2.xlsx,reporting/bscr/reconcile/2026 BSCR - UKEU - 3624.xlsx,Schedule X(f),I28,17951.7968,22,,
3624,reporting/bscr/reconcile/filled in templates/2026 BSCR - UKEU - 3624 v2.xlsx,reporting/bscr/reconcile/2026 BSCR - UKEU - 3624.xlsx,Schedule X(f),I29,,0,,
3624,reporting/bscr/reconcile/filled in templates/2026 BSCR - UKEU - 3624 v2.xlsx,reporting/bscr/reconcile/2026 BSCR - UKEU - 3624.xlsx,Schedule X(f),I33,17951.7968,22,"{""origin"": ""E33"", ""formula"": ""SUM(E28:E32)"", ""ref"": ""E33:M33""}","{""origin"": ""E33"", ""formula"": ""SUM(E28:E32)"", ""ref"": ""E33:M33""}"
3624,reporting/bscr/reconcile/filled in templates/2026 BSCR - UKEU - 3624 v2.xlsx,reporting/bscr/reconcile/2026 BSCR - UKEU - 3624.xlsx,Schedule X(f),I43,1307,0,,
3624,reporting/bscr/reconcile/filled in templates/2026 BSCR - UKEU - 3624 v2.xlsx,reporting/bscr/reconcile/2026 BSCR - UKEU - 3624.xlsx,Schedule X(f),I44,,0,,
3624,reporting/bscr/reconcile/filled in templates/2026 BSCR - UKEU - 3624 v2.xlsx,reporting/bscr/reconcile/2026 BSCR - UKEU - 3624.xlsx,Schedule X(f),I45,,2,,
3624,reporting/bscr/reconcile/filled in templates/2026 BSCR - UKEU - 3624 v2.xlsx,reporting/bscr/reconcile/2026 BSCR - UKEU - 3624.xlsx,Schedule X(f),I46,1307,2,"{""origin"": ""E46"", ""formula"": ""SUM(E43:E45)"", ""ref"": ""E46:M46""}","{""origin"": ""E46"", ""formula"": ""SUM(E43:E45)"", ""ref"": ""E46:M46""}"
3624,reporting/bscr/reconcile/filled in templates/2026 BSCR - UKEU - 3624 v2.xlsx,reporting/bscr/reconcile/2026 BSCR - UKEU - 3624.xlsx,Schedule X(f),I60,1307,0,,
3624,reporting/bscr/reconcile/filled in templates/2026 BSCR - UKEU - 3624 v2.xlsx,reporting/bscr/reconcile/2026 BSCR - UKEU - 3624.xlsx,Schedule X(f),I61,,1.5012000000000001,,
3624,reporting/bscr/reconcile/filled in templates/2026 BSCR - UKEU - 3624 v2.xlsx,reporting/bscr/reconcile/2026 BSCR - UKEU - 3624.xlsx,Schedule X(f),I62,,0,,
3624,reporting/bscr/reconcile/filled in templates/2026 BSCR - UKEU - 3624 v2.xlsx,reporting/bscr/reconcile/2026 BSCR - UKEU - 3624.xlsx,Schedule X(f),I63,,0,,
3624,reporting/bscr/reconcile/filled in templates/2026 BSCR - UKEU - 3624 v2.xlsx,reporting/bscr/reconcile/2026 BSCR - UKEU - 3624.xlsx,Schedule X(f),I64,1307,1.5012000000000001,"{""origin"": ""E64"", ""formula"": ""SUM(E60:E63)"", ""ref"": ""E64:M64""}","{""origin"": ""E64"", ""formula"": ""SUM(E60:E63)"", ""ref"": ""E64:M64""}"
3624,reporting/bscr/reconcile/filled in templates/2026 BSCR - UKEU - 3624 v2.xlsx,reporting/bscr/reconcile/2026 BSCR - UKEU - 3624.xlsx,Schedule X(f),J10,17951.7968,24,,
3624,reporting/bscr/reconcile/filled in templates/2026 BSCR - UKEU - 3624 v2.xlsx,reporting/bscr/reconcile/2026 BSCR - UKEU - 3624.xlsx,Schedule X(f),J11,1307,2,,
3624,reporting/bscr/reconcile/filled in templates/2026 BSCR - UKEU - 3624 v2.xlsx,reporting/bscr/reconcile/2026 BSCR - UKEU - 3624.xlsx,Schedule X(f),J12,19258.7968,26,"{""origin"": ""E12"", ""formula"": ""SUM(E10:E11)"", ""ref"": ""E12:M12""}","{""origin"": ""E12"", ""formula"": ""SUM(E10:E11)"", ""ref"": ""E12:M12""}"
3624,reporting/bscr/reconcile/filled in templates/2026 BSCR - UKEU - 3624 v2.xlsx,reporting/bscr/reconcile/2026 BSCR - UKEU - 3624.xlsx,Schedule X(f),J19,17951.7968,23,,
3624,reporting/bscr/reconcile/filled in templates/2026 BSCR - UKEU - 3624 v2.xlsx,reporting/bscr/reconcile/2026 BSCR - UKEU - 3624.xlsx,Schedule X(f),J20,1307,2,,
3624,reporting/bscr/reconcile/filled in templates/2026 BSCR - UKEU - 3624 v2.xlsx,reporting/bscr/reconcile/2026 BSCR - UKEU - 3624.xlsx,Schedule X(f),J21,19258.7968,25,"{""origin"": ""E21"", ""formula"": ""SUM(E19:E20)"", ""ref"": ""E21:M21""}","{""origin"": ""E21"", ""formula"": ""SUM(E19:E20)"", ""ref"": ""E21:M21""}"
3624,reporting/bscr/reconcile/filled in templates/2026 BSCR - UKEU - 3624 v2.xlsx,reporting/bscr/reconcile/2026 BSCR - UKEU - 3624.xlsx,Schedule X(f),J28,17951.7968,22,,
3624,reporting/bscr/reconcile/filled in templates/2026 BSCR - UKEU - 3624 v2.xlsx,reporting/bscr/reconcile/2026 BSCR - UKEU - 3624.xlsx,Schedule X(f),J29,,0,,
3624,reporting/bscr/reconcile/filled in templates/2026 BSCR - UKEU - 3624 v2.xlsx,reporting/bscr/reconcile/2026 BSCR - UKEU - 3624.xlsx,Schedule X(f),J33,17951.7968,22,"{""origin"": ""E33"", ""formula"": ""SUM(E28:E32)"", ""ref"": ""E33:M33""}","{""origin"": ""E33"", ""formula"": ""SUM(E28:E32)"", ""ref"": ""E33:M33""}"
3624,reporting/bscr/reconcile/filled in templates/2026 BSCR - UKEU - 3624 v2.xlsx,reporting/bscr/reconcile/2026 BSCR - UKEU - 3624.xlsx,Schedule X(f),J43,1307,0,,
3624,reporting/bscr/reconcile/filled in templates/2026 BSCR - UKEU - 3624 v2.xlsx,reporting/bscr/reconcile/2026 BSCR - UKEU - 3624.xlsx,Schedule X(f),J44,,0,,
3624,reporting/bscr/reconcile/filled in templates/2026 BSCR - UKEU - 3624 v2.xlsx,reporting/bscr/reconcile/2026 BSCR - UKEU - 3624.xlsx,Schedule X(f),J45,,2,,
3624,reporting/bscr/reconcile/filled in templates/2026 BSCR - UKEU - 3624 v2.xlsx,reporting/bscr/reconcile/2026 BSCR - UKEU - 3624.xlsx,Schedule X(f),J46,1307,2,"{""origin"": ""E46"", ""formula"": ""SUM(E43:E45)"", ""ref"": ""E46:M46""}","{""origin"": ""E46"", ""formula"": ""SUM(E43:E45)"", ""ref"": ""E46:M46""}"
3624,reporting/bscr/reconcile/filled in templates/2026 BSCR - UKEU - 3624 v2.xlsx,reporting/bscr/reconcile/2026 BSCR - UKEU - 3624.xlsx,Schedule X(f),J60,1307,0,,
3624,reporting/bscr/reconcile/filled in templates/2026 BSCR - UKEU - 3624 v2.xlsx,reporting/bscr/reconcile/2026 BSCR - UKEU - 3624.xlsx,Schedule X(f),J61,,1.5012000000000001,,
3624,reporting/bscr/reconcile/filled in templates/2026 BSCR - UKEU - 3624 v2.xlsx,reporting/bscr/reconcile/2026 BSCR - UKEU - 3624.xlsx,Schedule X(f),J62,,0,,
3624,reporting/bscr/reconcile/filled in templates/2026 BSCR - UKEU - 3624 v2.xlsx,reporting/bscr/reconcile/2026 BSCR - UKEU - 3624.xlsx,Schedule X(f),J63,,0,,
3624,reporting/bscr/reconcile/filled in templates/2026 BSCR - UKEU - 3624 v2.xlsx,reporting/bscr/reconcile/2026 BSCR - UKEU - 3624.xlsx,Schedule X(f),J64,1307,1.5012000000000001,"{""origin"": ""E64"", ""formula"": ""SUM(E60:E63)"", ""ref"": ""E64:M64""}","{""origin"": ""E64"", ""formula"": ""SUM(E60:E63)"", ""ref"": ""E64:M64""}"
3624,reporting/bscr/reconcile/filled in templates/2026 BSCR - UKEU - 3624 v2.xlsx,reporting/bscr/reconcile/2026 BSCR - UKEU - 3624.xlsx,Schedule X(f),K10,27,32,H10+E10,H10+E10
3624,reporting/bscr/reconcile/filled in templates/2026 BSCR - UKEU - 3624 v2.xlsx,reporting/bscr/reconcile/2026 BSCR - UKEU - 3624.xlsx,Schedule X(f),K11,9,4,"{""origin"": ""K10"", ""formula"": ""H10+E10"", ""ref"": ""K10:M11""}","{""origin"": ""K10"", ""formula"": ""H10+E10"", ""ref"": ""K10:M11""}"
3624,reporting/bscr/reconcile/filled in templates/2026 BSCR - UKEU - 3624 v2.xlsx,reporting/bscr/reconcile/2026 BSCR - UKEU - 3624.xlsx,Schedule X(f),K19,27,20,H19+E19,H19+E19
3624,reporting/bscr/reconcile/filled in templates/2026 BSCR - UKEU - 3624 v2.xlsx,reporting/bscr/reconcile/2026 BSCR - UKEU - 3624.xlsx,Schedule X(f),K20,9,12,"{""origin"": ""K19"", ""formula"": ""H19+E19"", ""ref"": ""K19:L21""}","{""origin"": ""K19"", ""formula"": ""H19+E19"", ""ref"": ""K19:L21""}"
3624,reporting/bscr/reconcile/filled in templates/2026 BSCR - UKEU - 3624 v2.xlsx,reporting/bscr/reconcile/2026 BSCR - UKEU - 3624.xlsx,Schedule X(f),K21,36,32,"{""origin"": ""K19"", ""formula"": ""H19+E19"", ""ref"": ""K19:L21""}","{""origin"": ""K19"", ""formula"": ""H19+E19"", ""ref"": ""K19:L21""}"
3624,reporting/bscr/reconcile/filled in templates/2026 BSCR - UKEU - 3624 v2.xlsx,reporting/bscr/reconcile/2026 BSCR - UKEU - 3624.xlsx,Schedule X(f),K28,27,15,H28+E28,H28+E28
3624,reporting/bscr/reconcile/filled in templates/2026 BSCR - UKEU - 3624 v2.xlsx,reporting/bscr/reconcile/2026 BSCR - UKEU - 3624.xlsx,Schedule X(f),K29,0,5,"{""origin"": ""K28"", ""formula"": ""H28+E28"", ""ref"": ""K28:L32""}","{""origin"": ""K28"", ""formula"": ""H28+E28"", ""ref"": ""K28:L32""}"
3624,reporting/bscr/reconcile/filled in templates/2026 BSCR - UKEU - 3624 v2.xlsx,reporting/bscr/reconcile/2026 BSCR - UKEU - 3624.xlsx,Schedule X(f),K33,27,20,"{""origin"": ""E33"", ""formula"": ""SUM(E28:E32)"", ""ref"": ""E33:M33""}","{""origin"": ""E33"", ""formula"": ""SUM(E28:E32)"", ""ref"": ""E33:M33""}"
3624,reporting/bscr/reconcile/filled in templates/2026 BSCR - UKEU - 3624 v2.xlsx,reporting/bscr/reconcile/2026 BSCR - UKEU - 3624.xlsx,Schedule X(f),K43,9,3,H43+E43,H43+E43
3624,reporting/bscr/reconcile/filled in templates/2026 BSCR - UKEU - 3624 v2.xlsx,reporting/bscr/reconcile/2026 BSCR - UKEU - 3624.xlsx,Schedule X(f),K45,0,9,"{""origin"": ""K43"", ""formula"": ""H43+E43"", ""ref"": ""K43:L45""}","{""origin"": ""K43"", ""formula"": ""H43+E43"", ""ref"": ""K43:L45""}"
3624,reporting/bscr/reconcile/filled in templates/2026 BSCR - UKEU - 3624 v2.xlsx,reporting/bscr/reconcile/2026 BSCR - UKEU - 3624.xlsx,Schedule X(f),K46,9,12,"{""origin"": ""E46"", ""formula"": ""SUM(E43:E45)"", ""ref"": ""E46:M46""}","{""origin"": ""E46"", ""formula"": ""SUM(E43:E45)"", ""ref"": ""E46:M46""}"
3624,reporting/bscr/reconcile/filled in templates/2026 BSCR - UKEU - 3624 v2.xlsx,reporting/bscr/reconcile/2026 BSCR - UKEU - 3624.xlsx,Schedule X(f),K60,9,0,H60+E60,H60+E60
3624,reporting/bscr/reconcile/filled in templates/2026 BSCR - UKEU - 3624 v2.xlsx,reporting/bscr/reconcile/2026 BSCR - UKEU - 3624.xlsx,Schedule X(f),K61,0,4,"{""origin"": ""K60"", ""formula"": ""H60+E60"", ""ref"": ""K60:L63""}","{""origin"": ""K60"", ""formula"": ""H60+E60"", ""ref"": ""K60:L63""}"
3624,reporting/bscr/reconcile/filled in templates/2026 BSCR - UKEU - 3624 v2.xlsx,reporting/bscr/reconcile/2026 BSCR - UKEU - 3624.xlsx,Schedule X(f),K64,9,4,"{""origin"": ""E64"", ""formula"": ""SUM(E60:E63)"", ""ref"": ""E64:M64""}","{""origin"": ""E64"", ""formula"": ""SUM(E60:E63)"", ""ref"": ""E64:M64""}"
3624,reporting/bscr/reconcile/filled in templates/2026 BSCR - UKEU - 3624 v2.xlsx,reporting/bscr/reconcile/2026 BSCR - UKEU - 3624.xlsx,Schedule X(f),L10,20414.496800000001,28,"{""origin"": ""K10"", ""formula"": ""H10+E10"", ""ref"": ""K10:M11""}","{""origin"": ""K10"", ""formula"": ""H10+E10"", ""ref"": ""K10:M11""}"
3624,reporting/bscr/reconcile/filled in templates/2026 BSCR - UKEU - 3624 v2.xlsx,reporting/bscr/reconcile/2026 BSCR - UKEU - 3624.xlsx,Schedule X(f),L11,1652,2,"{""origin"": ""K10"", ""formula"": ""H10+E10"", ""ref"": ""K10:M11""}","{""origin"": ""K10"", ""formula"": ""H10+E10"", ""ref"": ""K10:M11""}"
3624,reporting/bscr/reconcile/filled in templates/2026 BSCR - UKEU - 3624 v2.xlsx,reporting/bscr/reconcile/2026 BSCR - UKEU - 3624.xlsx,Schedule X(f),L12,22066.496800000001,30,I12+F12,I12+F12
3624,reporting/bscr/reconcile/filled in templates/2026 BSCR - UKEU - 3624 v2.xlsx,reporting/bscr/reconcile/2026 BSCR - UKEU - 3624.xlsx,Schedule X(f),L19,20414.496800000001,26,"{""origin"": ""K19"", ""formula"": ""H19+E19"", ""ref"": ""K19:L21""}","{""origin"": ""K19"", ""formula"": ""H19+E19"", ""ref"": ""K19:L21""}"
3624,reporting/bscr/reconcile/filled in templates/2026 BSCR - UKEU - 3624 v2.xlsx,reporting/bscr/reconcile/2026 BSCR - UKEU - 3624.xlsx,Schedule X(f),L20,1652,2,"{""origin"": ""K19"", ""formula"": ""H19+E19"", ""ref"": ""K19:L21""}","{""origin"": ""K19"", ""formula"": ""H19+E19"", ""ref"": ""K19:L21""}"
3624,reporting/bscr/reconcile/filled in templates/2026 BSCR - UKEU - 3624 v2.xlsx,reporting/bscr/reconcile/2026 BSCR - UKEU - 3624.xlsx,Schedule X(f),L21,22066.496800000001,28,"{""origin"": ""K19"", ""formula"": ""H19+E19"", ""ref"": ""K19:L21""}","{""origin"": ""K19"", ""formula"": ""H19+E19"", ""ref"": ""K19:L21""}"
3624,reporting/bscr/reconcile/filled in templates/2026 BSCR - UKEU - 3624 v2.xlsx,reporting/bscr/reconcile/2026 BSCR - UKEU - 3624.xlsx,Schedule X(f),L28,20414.496800000001,22,"{""origin"": ""K28"", ""formula"": ""H28+E28"", ""ref"": ""K28:L32""}","{""origin"": ""K28"", ""formula"": ""H28+E28"", ""ref"": ""K28:L32""}"
3624,reporting/bscr/reconcile/filled in templates/2026 BSCR - UKEU - 3624 v2.xlsx,reporting/bscr/reconcile/2026 BSCR - UKEU - 3624.xlsx,Schedule X(f),L29,0,3.3246449999999999,"{""origin"": ""K28"", ""formula"": ""H28+E28"", ""ref"": ""K28:L32""}","{""origin"": ""K28"", ""formula"": ""H28+E28"", ""ref"": ""K28:L32""}"
3624,reporting/bscr/reconcile/filled in templates/2026 BSCR - UKEU - 3624 v2.xlsx,reporting/bscr/reconcile/2026 BSCR - UKEU - 3624.xlsx,Schedule X(f),L33,20414.496800000001,25.324645,I33+F33,I33+F33
3624,reporting/bscr/reconcile/filled in templates/2026 BSCR - UKEU - 3624 v2.xlsx,reporting/bscr/reconcile/2026 BSCR - UKEU - 3624.xlsx,Schedule X(f),L43,1652,0,"{""origin"": ""K43"", ""formula"": ""H43+E43"", ""ref"": ""K43:L45""}","{""origin"": ""K43"", ""formula"": ""H43+E43"", ""ref"": ""K43:L45""}"
3624,reporting/bscr/reconcile/filled in templates/2026 BSCR - UKEU - 3624 v2.xlsx,reporting/bscr/reconcile/2026 BSCR - UKEU - 3624.xlsx,Schedule X(f),L45,0,2,"{""origin"": ""K43"", ""formula"": ""H43+E43"", ""ref"": ""K43:L45""}","{""origin"": ""K43"", ""formula"": ""H43+E43"", ""ref"": ""K43:L45""}"
3624,reporting/bscr/reconcile/filled in templates/2026 BSCR - UKEU - 3624 v2.xlsx,reporting/bscr/reconcile/2026 BSCR - UKEU - 3624.xlsx,Schedule X(f),L46,1652,2,I46+F46,I46+F46
3624,reporting/bscr/reconcile/filled in templates/2026 BSCR - UKEU - 3624 v2.xlsx,reporting/bscr/reconcile/2026 BSCR - UKEU - 3624.xlsx,Schedule X(f),L60,1652,0,"{""origin"": ""K60"", ""formula"": ""H60+E60"", ""ref"": ""K60:L63""}","{""origin"": ""K60"", ""formula"": ""H60+E60"", ""ref"": ""K60:L63""}"
3624,reporting/bscr/reconcile/filled in templates/2026 BSCR - UKEU - 3624 v2.xlsx,reporting/bscr/reconcile/2026 BSCR - UKEU - 3624.xlsx,Schedule X(f),L61,0,1.5012000000000001,"{""origin"": ""K60"", ""formula"": ""H60+E60"", ""ref"": ""K60:L63""}","{""origin"": ""K60"", ""formula"": ""H60+E60"", ""ref"": ""K60:L63""}"
3624,reporting/bscr/reconcile/filled in templates/2026 BSCR - UKEU - 3624 v2.xlsx,reporting/bscr/reconcile/2026 BSCR - UKEU - 3624.xlsx,Schedule X(f),L64,1652,1.5012000000000001,I64+F64,I64+F64
3624,reporting/bscr/reconcile/filled in templates/2026 BSCR - UKEU - 3624 v2.xlsx,reporting/bscr/reconcile/2026 BSCR - UKEU - 3624.xlsx,Schedule X(f),M10,20414.496800000001,28,"{""origin"": ""K10"", ""formula"": ""H10+E10"", ""ref"": ""K10:M11""}","{""origin"": ""K10"", ""formula"": ""H10+E10"", ""ref"": ""K10:M11""}"
3624,reporting/bscr/reconcile/filled in templates/2026 BSCR - UKEU - 3624 v2.xlsx,reporting/bscr/reconcile/2026 BSCR - UKEU - 3624.xlsx,Schedule X(f),M11,1652,2,"{""origin"": ""K10"", ""formula"": ""H10+E10"", ""ref"": ""K10:M11""}","{""origin"": ""K10"", ""formula"": ""H10+E10"", ""ref"": ""K10:M11""}"
3624,reporting/bscr/reconcile/filled in templates/2026 BSCR - UKEU - 3624 v2.xlsx,reporting/bscr/reconcile/2026 BSCR - UKEU - 3624.xlsx,Schedule X(f),M12,22066.496800000001,30,"{""origin"": ""E12"", ""formula"": ""SUM(E10:E11)"", ""ref"": ""E12:M12""}","{""origin"": ""E12"", ""formula"": ""SUM(E10:E11)"", ""ref"": ""E12:M12""}"
3624,reporting/bscr/reconcile/filled in templates/2026 BSCR - UKEU - 3624 v2.xlsx,reporting/bscr/reconcile/2026 BSCR - UKEU - 3624.xlsx,Schedule X(f),M19,20414.496800000001,26,J19+G19,J19+G19
3624,reporting/bscr/reconcile/filled in templates/2026 BSCR - UKEU - 3624 v2.xlsx,reporting/bscr/reconcile/2026 BSCR - UKEU - 3624.xlsx,Schedule X(f),M20,1652,2,J20+G20,J20+G20
3624,reporting/bscr/reconcile/filled in templates/2026 BSCR - UKEU - 3624 v2.xlsx,reporting/bscr/reconcile/2026 BSCR - UKEU - 3624.xlsx,Schedule X(f),M21,22066.496800000001,28,"{""origin"": ""E21"", ""formula"": ""SUM(E19:E20)"", ""ref"": ""E21:M21""}","{""origin"": ""E21"", ""formula"": ""SUM(E19:E20)"", ""ref"": ""E21:M21""}"
3624,reporting/bscr/reconcile/filled in templates/2026 BSCR - UKEU - 3624 v2.xlsx,reporting/bscr/reconcile/2026 BSCR - UKEU - 3624.xlsx,Schedule X(f),M28,20414.496800000001,22,J28+G28,J28+G28
3624,reporting/bscr/reconcile/filled in templates/2026 BSCR - UKEU - 3624 v2.xlsx,reporting/bscr/reconcile/2026 BSCR - UKEU - 3624.xlsx,Schedule X(f),M29,0,3.3246449999999999,J29+G29,J29+G29
3624,reporting/bscr/reconcile/filled in templates/2026 BSCR - UKEU - 3624 v2.xlsx,reporting/bscr/reconcile/2026 BSCR - UKEU - 3624.xlsx,Schedule X(f),M33,20414.496800000001,25.324645,"{""origin"": ""E33"", ""formula"": ""SUM(E28:E32)"", ""ref"": ""E33:M33""}","{""origin"": ""E33"", ""formula"": ""SUM(E28:E32)"", ""ref"": ""E33:M33""}"
3624,reporting/bscr/reconcile/filled in templates/2026 BSCR - UKEU - 3624 v2.xlsx,reporting/bscr/reconcile/2026 BSCR - UKEU - 3624.xlsx,Schedule X(f),M43,1652,0,J43+G43,J43+G43
3624,reporting/bscr/reconcile/filled in templates/2026 BSCR - UKEU - 3624 v2.xlsx,reporting/bscr/reconcile/2026 BSCR - UKEU - 3624.xlsx,Schedule X(f),M45,0,2,J45+G45,J45+G45
3624,reporting/bscr/reconcile/filled in templates/2026 BSCR - UKEU - 3624 v2.xlsx,reporting/bscr/reconcile/2026 BSCR - UKEU - 3624.xlsx,Schedule X(f),M46,1652,2,"{""origin"": ""E46"", ""formula"": ""SUM(E43:E45)"", ""ref"": ""E46:M46""}","{""origin"": ""E46"", ""formula"": ""SUM(E43:E45)"", ""ref"": ""E46:M46""}"
3624,reporting/bscr/reconcile/filled in templates/2026 BSCR - UKEU - 3624 v2.xlsx,reporting/bscr/reconcile/2026 BSCR - UKEU - 3624.xlsx,Schedule X(f),M60,1652,0,J60+G60,J60+G60
3624,reporting/bscr/reconcile/filled in templates/2026 BSCR - UKEU - 3624 v2.xlsx,reporting/bscr/reconcile/2026 BSCR - UKEU - 3624.xlsx,Schedule X(f),M61,0,1.5012000000000001,J61+G61,J61+G61
3624,reporting/bscr/reconcile/filled in templates/2026 BSCR - UKEU - 3624 v2.xlsx,reporting/bscr/reconcile/2026 BSCR - UKEU - 3624.xlsx,Schedule X(f),M64,1652,1.5012000000000001,"{""origin"": ""E64"", ""formula"": ""SUM(E60:E63)"", ""ref"": ""E64:M64""}","{""origin"": ""E64"", ""formula"": ""SUM(E60:E63)"", ""ref"": ""E64:M64""}"
HIC,reporting/bscr/reconcile/filled in templates/2026 BSCR - UKEU - HIC.xlsx,reporting/bscr/reconcile/filled in templates/2026 BSCR - UKEU - HIC v2.xlsx,Schedule X(a),E25,20414.496800000001,121727653.50347799,,
HIC,reporting/bscr/reconcile/filled in templates/2026 BSCR - UKEU - HIC.xlsx,reporting/bscr/reconcile/filled in templates/2026 BSCR - UKEU - HIC v2.xlsx,Schedule X(a),E26,,15433.806399999899,,
HIC,reporting/bscr/reconcile/filled in templates/2026 BSCR - UKEU - HIC.xlsx,reporting/bscr/reconcile/filled in templates/2026 BSCR - UKEU - HIC v2.xlsx,Schedule X(a),J25,20414.496800000001,121727653.50347799,,
HIC,reporting/bscr/reconcile/filled in templates/2026 BSCR - UKEU - HIC.xlsx,reporting/bscr/reconcile/filled in templates/2026 BSCR - UKEU - HIC v2.xlsx,Schedule X(a),J26,,15433.806399999899,,
HIC,reporting/bscr/reconcile/filled in templates/2026 BSCR - UKEU - HIC.xlsx,reporting/bscr/reconcile/filled in templates/2026 BSCR - UKEU - HIC v2.xlsx,Schedule X(b),E27,20414.496800000001,121727653.50347799,,
HIC,reporting/bscr/reconcile/filled in templates/2026 BSCR - UKEU - HIC.xlsx,reporting/bscr/reconcile/filled in templates/2026 BSCR - UKEU - HIC v2.xlsx,Schedule X(b),E28,0,15433.806399999899,[3]Import!G4102,
HIC,reporting/bscr/reconcile/filled in templates/2026 BSCR - UKEU - HIC.xlsx,reporting/bscr/reconcile/filled in templates/2026 BSCR - UKEU - HIC v2.xlsx,Schedule X(b),J27,20414.496800000001,121727653.50347799,,
HIC,reporting/bscr/reconcile/filled in templates/2026 BSCR - UKEU - HIC.xlsx,reporting/bscr/reconcile/filled in templates/2026 BSCR - UKEU - HIC v2.xlsx,Schedule X(b),J28,0,15433.806399999899,[3]Import!G4113,
HIC,reporting/bscr/reconcile/filled in templates/2026 BSCR - UKEU - HIC.xlsx,reporting/bscr/reconcile/filled in templates/2026 BSCR - UKEU - HIC v2.xlsx,Schedule X(c),E115,110,276,,
HIC,reporting/bscr/reconcile/filled in templates/2026 BSCR - UKEU - HIC.xlsx,reporting/bscr/reconcile/filled in templates/2026 BSCR - UKEU - HIC v2.xlsx,Schedule X(c),E27,200,,,
HIC,reporting/bscr/reconcile/filled in templates/2026 BSCR - UKEU - HIC.xlsx,reporting/bscr/reconcile/filled in templates/2026 BSCR - UKEU - HIC v2.xlsx,Schedule X(c),E49,110,212,,
HIC,reporting/bscr/reconcile/filled in templates/2026 BSCR - UKEU - HIC.xlsx,reporting/bscr/reconcile/filled in templates/2026 BSCR - UKEU - HIC v2.xlsx,Schedule X(c),E71,5578,121294744.88561998,,
HIC,reporting/bscr/reconcile/filled in templates/2026 BSCR - UKEU - HIC.xlsx,reporting/bscr/reconcile/filled in templates/2026 BSCR - UKEU - HIC v2.xlsx,Schedule X(c),E93,110,276,,
HIC,reporting/bscr/reconcile/filled in templates/2026 BSCR - UKEU - HIC.xlsx,reporting/bscr/reconcile/filled in templates/2026 BSCR - UKEU - HIC v2.xlsx,Schedule X(c),F115,110,276,,
HIC,reporting/bscr/reconcile/filled in templates/2026 BSCR - UKEU - HIC.xlsx,reporting/bscr/reconcile/filled in templates/2026 BSCR - UKEU - HIC v2.xlsx,Schedule X(c),F27,200,,,
HIC,reporting/bscr/reconcile/filled in templates/2026 BSCR - UKEU - HIC.xlsx,reporting/bscr/reconcile/filled in templates/2026 BSCR - UKEU - HIC v2.xlsx,Schedule X(c),F49,110,212,,
HIC,reporting/bscr/reconcile/filled in templates/2026 BSCR - UKEU - HIC.xlsx,reporting/bscr/reconcile/filled in templates/2026 BSCR - UKEU - HIC v2.xlsx,Schedule X(c),F71,5578,121294744.88561998,,
HIC,reporting/bscr/reconcile/filled in templates/2026 BSCR - UKEU - HIC.xlsx,reporting/bscr/reconcile/filled in templates/2026 BSCR - UKEU - HIC v2.xlsx,Schedule X(c),F93,110,276,,
HIC,reporting/bscr/reconcile/filled in templates/2026 BSCR - UKEU - HIC.xlsx,reporting/bscr/reconcile/filled in templates/2026 BSCR - UKEU - HIC v2.xlsx,Schedule X(f),E10,27,32,,
HIC,reporting/bscr/reconcile/filled in templates/2026 BSCR - UKEU - HIC.xlsx,reporting/bscr/reconcile/filled in templates/2026 BSCR - UKEU - HIC v2.xlsx,Schedule X(f),E11,,1,,
HIC,reporting/bscr/reconcile/filled in templates/2026 BSCR - UKEU - HIC.xlsx,reporting/bscr/reconcile/filled in templates/2026 BSCR - UKEU - HIC v2.xlsx,Schedule X(f),E12,27,33,SUM(E10:E11),SUM(E10:E11)
HIC,reporting/bscr/reconcile/filled in templates/2026 BSCR - UKEU - HIC.xlsx,reporting/bscr/reconcile/filled in templates/2026 BSCR - UKEU - HIC v2.xlsx,Schedule X(f),E19,27,32,,
HIC,reporting/bscr/reconcile/filled in templates/2026 BSCR - UKEU - HIC.xlsx,reporting/bscr/reconcile/filled in templates/2026 BSCR - UKEU - HIC v2.xlsx,Schedule X(f),E20,,1,,
HIC,reporting/bscr/reconcile/filled in templates/2026 BSCR - UKEU - HIC.xlsx,reporting/bscr/reconcile/filled in templates/2026 BSCR - UKEU - HIC v2.xlsx,Schedule X(f),E21,27,33,SUM(E19:E20),SUM(E19:E20)
HIC,reporting/bscr/reconcile/filled in templates/2026 BSCR - UKEU - HIC.xlsx,reporting/bscr/reconcile/filled in templates/2026 BSCR - UKEU - HIC v2.xlsx,Schedule X(f),E28,27,32,,
HIC,reporting/bscr/reconcile/filled in templates/2026 BSCR - UKEU - HIC.xlsx,reporting/bscr/reconcile/filled in templates/2026 BSCR - UKEU - HIC v2.xlsx,Schedule X(f),E33,27,32,SUM(E28:E32),SUM(E28:E32)
HIC,reporting/bscr/reconcile/filled in templates/2026 BSCR - UKEU - HIC.xlsx,reporting/bscr/reconcile/filled in templates/2026 BSCR - UKEU - HIC v2.xlsx,Schedule X(f),E43,,1,,
HIC,reporting/bscr/reconcile/filled in templates/2026 BSCR - UKEU - HIC.xlsx,reporting/bscr/reconcile/filled in templates/2026 BSCR - UKEU - HIC v2.xlsx,Schedule X(f),E46,0,1,SUM(E43:E45),SUM(E43:E45)
HIC,reporting/bscr/reconcile/filled in templates/2026 BSCR - UKEU - HIC.xlsx,reporting/bscr/reconcile/filled in templates/2026 BSCR - UKEU - HIC v2.xlsx,Schedule X(f),E60,,1,,
HIC,reporting/bscr/reconcile/filled in templates/2026 BSCR - UKEU - HIC.xlsx,reporting/bscr/reconcile/filled in templates/2026 BSCR - UKEU - HIC v2.xlsx,Schedule X(f),E64,0,1,SUM(E60:E63),SUM(E60:E63)
HIC,reporting/bscr/reconcile/filled in templates/2026 BSCR - UKEU - HIC.xlsx,reporting/bscr/reconcile/filled in templates/2026 BSCR - UKEU - HIC v2.xlsx,Schedule X(f),F10,2462.6999999999998,22746.034,,
HIC,reporting/bscr/reconcile/filled in templates/2026 BSCR - UKEU - HIC.xlsx,reporting/bscr/reconcile/filled in templates/2026 BSCR - UKEU - HIC v2.xlsx,Schedule X(f),F11,,101,,
HIC,reporting/bscr/reconcile/filled in templates/2026 BSCR - UKEU - HIC.xlsx,reporting/bscr/reconcile/filled in templates/2026 BSCR - UKEU - HIC v2.xlsx,Schedule X(f),F12,2462.6999999999998,22847.034,"{""origin"": ""E12"", ""formula"": ""SUM(E10:E11)"", ""ref"": ""E12:M12""}","{""origin"": ""E12"", ""formula"": ""SUM(E10:E11)"", ""ref"": ""E12:M12""}"
HIC,reporting/bscr/reconcile/filled in templates/2026 BSCR - UKEU - HIC.xlsx,reporting/bscr/reconcile/filled in templates/2026 BSCR - UKEU - HIC v2.xlsx,Schedule X(f),F19,2462.6999999999998,22746.034,,
HIC,reporting/bscr/reconcile/filled in templates/2026 BSCR - UKEU - HIC.xlsx,reporting/bscr/reconcile/filled in templates/2026 BSCR - UKEU - HIC v2.xlsx,Schedule X(f),F20,,101,,
HIC,reporting/bscr/reconcile/filled in templates/2026 BSCR - UKEU - HIC.xlsx,reporting/bscr/reconcile/filled in templates/2026 BSCR - UKEU - HIC v2.xlsx,Schedule X(f),F21,2462.6999999999998,22847.034,"{""origin"": ""E21"", ""formula"": ""SUM(E19:E20)"", ""ref"": ""E21:M21""}","{""origin"": ""E21"", ""formula"": ""SUM(E19:E20)"", ""ref"": ""E21:M21""}"
HIC,reporting/bscr/reconcile/filled in templates/2026 BSCR - UKEU - HIC.xlsx,reporting/bscr/reconcile/filled in templates/2026 BSCR - UKEU - HIC v2.xlsx,Schedule X(f),F28,2462.6999999999998,22746.034,,
HIC,reporting/bscr/reconcile/filled in templates/2026 BSCR - UKEU - HIC.xlsx,reporting/bscr/reconcile/filled in templates/2026 BSCR - UKEU - HIC v2.xlsx,Schedule X(f),F33,2462.6999999999998,22746.034,"{""origin"": ""E33"", ""formula"": ""SUM(E28:E32)"", ""ref"": ""E33:M33""}","{""origin"": ""E33"", ""formula"": ""SUM(E28:E32)"", ""ref"": ""E33:M33""}"
HIC,reporting/bscr/reconcile/filled in templates/2026 BSCR - UKEU - HIC.xlsx,reporting/bscr/reconcile/filled in templates/2026 BSCR - UKEU - HIC v2.xlsx,Schedule X(f),F43,,101,,
HIC,reporting/bscr/reconcile/filled in templates/2026 BSCR - UKEU - HIC.xlsx,reporting/bscr/reconcile/filled in templates/2026 BSCR - UKEU - HIC v2.xlsx,Schedule X(f),F46,0,101,"{""origin"": ""E46"", ""formula"": ""SUM(E43:E45)"", ""ref"": ""E46:M46""}","{""origin"": ""E46"", ""formula"": ""SUM(E43:E45)"", ""ref"": ""E46:M46""}"
HIC,reporting/bscr/reconcile/filled in templates/2026 BSCR - UKEU - HIC.xlsx,reporting/bscr/reconcile/filled in templates/2026 BSCR - UKEU - HIC v2.xlsx,Schedule X(f),F60,,101,,
HIC,reporting/bscr/reconcile/filled in templates/2026 BSCR - UKEU - HIC.xlsx,reporting/bscr/reconcile/filled in templates/2026 BSCR - UKEU - HIC v2.xlsx,Schedule X(f),F64,0,101,"{""origin"": ""E64"", ""formula"": ""SUM(E60:E63)"", ""ref"": ""E64:M64""}","{""origin"": ""E64"", ""formula"": ""SUM(E60:E63)"", ""ref"": ""E64:M64""}"
HIC,reporting/bscr/reconcile/filled in templates/2026 BSCR - UKEU - HIC.xlsx,reporting/bscr/reconcile/filled in templates/2026 BSCR - UKEU - HIC v2.xlsx,Schedule X(f),G10,2462.6999999999998,22746.034,,
HIC,reporting/bscr/reconcile/filled in templates/2026 BSCR - UKEU - HIC.xlsx,reporting/bscr/reconcile/filled in templates/2026 BSCR - UKEU - HIC v2.xlsx,Schedule X(f),G11,,101,,
HIC,reporting/bscr/reconcile/filled in templates/2026 BSCR - UKEU - HIC.xlsx,reporting/bscr/reconcile/filled in templates/2026 BSCR - UKEU - HIC v2.xlsx,Schedule X(f),G12,2462.6999999999998,22847.034,"{""origin"": ""E12"", ""formula"": ""SUM(E10:E11)"", ""ref"": ""E12:M12""}","{""origin"": ""E12"", ""formula"": ""SUM(E10:E11)"", ""ref"": ""E12:M12""}"
HIC,reporting/bscr/reconcile/filled in templates/2026 BSCR - UKEU - HIC.xlsx,reporting/bscr/reconcile/filled in templates/2026 BSCR - UKEU - HIC v2.xlsx,Schedule X(f),G19,2462.6999999999998,22746.034,,
HIC,reporting/bscr/reconcile/filled in templates/2026 BSCR - UKEU - HIC.xlsx,reporting/bscr/reconcile/filled in templates/2026 BSCR - UKEU - HIC v2.xlsx,Schedule X(f),G20,,101,,
HIC,reporting/bscr/reconcile/filled in templates/2026 BSCR - UKEU - HIC.xlsx,reporting/bscr/reconcile/filled in templates/2026 BSCR - UKEU - HIC v2.xlsx,Schedule X(f),G21,2462.6999999999998,22847.034,"{""origin"": ""E21"", ""formula"": ""SUM(E19:E20)"", ""ref"": ""E21:M21""}","{""origin"": ""E21"", ""formula"": ""SUM(E19:E20)"", ""ref"": ""E21:M21""}"
HIC,reporting/bscr/reconcile/filled in templates/2026 BSCR - UKEU - HIC.xlsx,reporting/bscr/reconcile/filled in templates/2026 BSCR - UKEU - HIC v2.xlsx,Schedule X(f),G28,2462.6999999999998,22746.034,,
HIC,reporting/bscr/reconcile/filled in templates/2026 BSCR - UKEU - HIC.xlsx,reporting/bscr/reconcile/filled in templates/2026 BSCR - UKEU - HIC v2.xlsx,Schedule X(f),G33,2462.6999999999998,22746.034,"{""origin"": ""E33"", ""formula"": ""SUM(E28:E32)"", ""ref"": ""E33:M33""}","{""origin"": ""E33"", ""formula"": ""SUM(E28:E32)"", ""ref"": ""E33:M33""}"
HIC,reporting/bscr/reconcile/filled in templates/2026 BSCR - UKEU - HIC.xlsx,reporting/bscr/reconcile/filled in templates/2026 BSCR - UKEU - HIC v2.xlsx,Schedule X(f),G43,,101,,
HIC,reporting/bscr/reconcile/filled in templates/2026 BSCR - UKEU - HIC.xlsx,reporting/bscr/reconcile/filled in templates/2026 BSCR - UKEU - HIC v2.xlsx,Schedule X(f),G46,0,101,"{""origin"": ""E46"", ""formula"": ""SUM(E43:E45)"", ""ref"": ""E46:M46""}","{""origin"": ""E46"", ""formula"": ""SUM(E43:E45)"", ""ref"": ""E46:M46""}"
HIC,reporting/bscr/reconcile/filled in templates/2026 BSCR - UKEU - HIC.xlsx,reporting/bscr/reconcile/filled in templates/2026 BSCR - UKEU - HIC v2.xlsx,Schedule X(f),G60,,101,,
HIC,reporting/bscr/reconcile/filled in templates/2026 BSCR - UKEU - HIC.xlsx,reporting/bscr/reconcile/filled in templates/2026 BSCR - UKEU - HIC v2.xlsx,Schedule X(f),G64,0,101,"{""origin"": ""E64"", ""formula"": ""SUM(E60:E63)"", ""ref"": ""E64:M64""}","{""origin"": ""E64"", ""formula"": ""SUM(E60:E63)"", ""ref"": ""E64:M64""}"
HIC,reporting/bscr/reconcile/filled in templates/2026 BSCR - UKEU - HIC.xlsx,reporting/bscr/reconcile/filled in templates/2026 BSCR - UKEU - HIC v2.xlsx,Schedule X(f),H10,24,173626,,
HIC,reporting/bscr/reconcile/filled in templates/2026 BSCR - UKEU - HIC.xlsx,reporting/bscr/reconcile/filled in templates/2026 BSCR - UKEU - HIC v2.xlsx,Schedule X(f),H11,,28,,
HIC,reporting/bscr/reconcile/filled in templates/2026 BSCR - UKEU - HIC.xlsx,reporting/bscr/reconcile/filled in templates/2026 BSCR - UKEU - HIC v2.xlsx,Schedule X(f),H12,24,173654,"{""origin"": ""E12"", ""formula"": ""SUM(E10:E11)"", ""ref"": ""E12:M12""}","{""origin"": ""E12"", ""formula"": ""SUM(E10:E11)"", ""ref"": ""E12:M12""}"
HIC,reporting/bscr/reconcile/filled in templates/2026 BSCR - UKEU - HIC.xlsx,reporting/bscr/reconcile/filled in templates/2026 BSCR - UKEU - HIC v2.xlsx,Schedule X(f),H19,24,173626,,
HIC,reporting/bscr/reconcile/filled in templates/2026 BSCR - UKEU - HIC.xlsx,reporting/bscr/reconcile/filled in templates/2026 BSCR - UKEU - HIC v2.xlsx,Schedule X(f),H20,,28,,
HIC,reporting/bscr/reconcile/filled in templates/2026 BSCR - UKEU - HIC.xlsx,reporting/bscr/reconcile/filled in templates/2026 BSCR - UKEU - HIC v2.xlsx,Schedule X(f),H21,24,173654,"{""origin"": ""E21"", ""formula"": ""SUM(E19:E20)"", ""ref"": ""E21:M21""}","{""origin"": ""E21"", ""formula"": ""SUM(E19:E20)"", ""ref"": ""E21:M21""}"
HIC,reporting/bscr/reconcile/filled in templates/2026 BSCR - UKEU - HIC.xlsx,reporting/bscr/reconcile/filled in templates/2026 BSCR - UKEU - HIC v2.xlsx,Schedule X(f),H28,24,173626,,
HIC,reporting/bscr/reconcile/filled in templates/2026 BSCR - UKEU - HIC.xlsx,reporting/bscr/reconcile/filled in templates/2026 BSCR - UKEU - HIC v2.xlsx,Schedule X(f),H33,24,173626,"{""origin"": ""E33"", ""formula"": ""SUM(E28:E32)"", ""ref"": ""E33:M33""}","{""origin"": ""E33"", ""formula"": ""SUM(E28:E32)"", ""ref"": ""E33:M33""}"
HIC,reporting/bscr/reconcile/filled in templates/2026 BSCR - UKEU - HIC.xlsx,reporting/bscr/reconcile/filled in templates/2026 BSCR - UKEU - HIC v2.xlsx,Schedule X(f),H43,,28,,
HIC,reporting/bscr/reconcile/filled in templates/2026 BSCR - UKEU - HIC.xlsx,reporting/bscr/reconcile/filled in templates/2026 BSCR - UKEU - HIC v2.xlsx,Schedule X(f),H46,0,28,"{""origin"": ""E46"", ""formula"": ""SUM(E43:E45)"", ""ref"": ""E46:M46""}","{""origin"": ""E46"", ""formula"": ""SUM(E43:E45)"", ""ref"": ""E46:M46""}"
HIC,reporting/bscr/reconcile/filled in templates/2026 BSCR - UKEU - HIC.xlsx,reporting/bscr/reconcile/filled in templates/2026 BSCR - UKEU - HIC v2.xlsx,Schedule X(f),H60,,28,,
HIC,reporting/bscr/reconcile/filled in templates/2026 BSCR - UKEU - HIC.xlsx,reporting/bscr/reconcile/filled in templates/2026 BSCR - UKEU - HIC v2.xlsx,Schedule X(f),H64,0,28,"{""origin"": ""E64"", ""formula"": ""SUM(E60:E63)"", ""ref"": ""E64:M64""}","{""origin"": ""E64"", ""formula"": ""SUM(E60:E63)"", ""ref"": ""E64:M64""}"
HIC,reporting/bscr/reconcile/filled in templates/2026 BSCR - UKEU - HIC.xlsx,reporting/bscr/reconcile/filled in templates/2026 BSCR - UKEU - HIC v2.xlsx,Schedule X(f),I10,17951.7968,121704907.469478,,
HIC,reporting/bscr/reconcile/filled in templates/2026 BSCR - UKEU - HIC.xlsx,reporting/bscr/reconcile/filled in templates/2026 BSCR - UKEU - HIC v2.xlsx,Schedule X(f),I11,,15332.806399999899,,
HIC,reporting/bscr/reconcile/filled in templates/2026 BSCR - UKEU - HIC.xlsx,reporting/bscr/reconcile/filled in templates/2026 BSCR - UKEU - HIC v2.xlsx,Schedule X(f),I12,17951.7968,121720240.275878,"{""origin"": ""E12"", ""formula"": ""SUM(E10:E11)"", ""ref"": ""E12:M12""}","{""origin"": ""E12"", ""formula"": ""SUM(E10:E11)"", ""ref"": ""E12:M12""}"
HIC,reporting/bscr/reconcile/filled in templates/2026 BSCR - UKEU - HIC.xlsx,reporting/bscr/reconcile/filled in templates/2026 BSCR - UKEU - HIC v2.xlsx,Schedule X(f),I19,17951.7968,121704907.469478,,
HIC,reporting/bscr/reconcile/filled in templates/2026 BSCR - UKEU - HIC.xlsx,reporting/bscr/reconcile/filled in templates/2026 BSCR - UKEU - HIC v2.xlsx,Schedule X(f),I20,,15332.806399999899,,
HIC,reporting/bscr/reconcile/filled in templates/2026 BSCR - UKEU - HIC.xlsx,reporting/bscr/reconcile/filled in templates/2026 BSCR - UKEU - HIC v2.xlsx,Schedule X(f),I21,17951.7968,121720240.275878,"{""origin"": ""E21"", ""formula"": ""SUM(E19:E20)"", ""ref"": ""E21:M21""}","{""origin"": ""E21"", ""formula"": ""SUM(E19:E20)"", ""ref"": ""E21:M21""}"
HIC,reporting/bscr/reconcile/filled in templates/2026 BSCR - UKEU - HIC.xlsx,reporting/bscr/reconcile/filled in templates/2026 BSCR - UKEU - HIC v2.xlsx,Schedule X(f),I28,17951.7968,121704907.469478,,
HIC,reporting/bscr/reconcile/filled in templates/2026 BSCR - UKEU - HIC.xlsx,reporting/bscr/reconcile/filled in templates/2026 BSCR - UKEU - HIC v2.xlsx,Schedule X(f),I33,17951.7968,121704907.469478,"{""origin"": ""E33"", ""formula"": ""SUM(E28:E32)"", ""ref"": ""E33:M33""}","{""origin"": ""E33"", ""formula"": ""SUM(E28:E32)"", ""ref"": ""E33:M33""}"
HIC,reporting/bscr/reconcile/filled in templates/2026 BSCR - UKEU - HIC.xlsx,reporting/bscr/reconcile/filled in templates/2026 BSCR - UKEU - HIC v2.xlsx,Schedule X(f),I43,,15332.806399999899,,
HIC,reporting/bscr/reconcile/filled in templates/2026 BSCR - UKEU - HIC.xlsx,reporting/bscr/reconcile/filled in templates/2026 BSCR - UKEU - HIC v2.xlsx,Schedule X(f),I46,0,15332.806399999899,"{""origin"": ""E46"", ""formula"": ""SUM(E43:E45)"", ""ref"": ""E46:M46""}","{""origin"": ""E46"", ""formula"": ""SUM(E43:E45)"", ""ref"": ""E46:M46""}"
HIC,reporting/bscr/reconcile/filled in templates/2026 BSCR - UKEU - HIC.xlsx,reporting/bscr/reconcile/filled in templates/2026 BSCR - UKEU - HIC v2.xlsx,Schedule X(f),I60,,15332.806399999899,,
HIC,reporting/bscr/reconcile/filled in templates/2026 BSCR - UKEU - HIC.xlsx,reporting/bscr/reconcile/filled in templates/2026 BSCR - UKEU - HIC v2.xlsx,Schedule X(f),I64,0,15332.806399999899,"{""origin"": ""E64"", ""formula"": ""SUM(E60:E63)"", ""ref"": ""E64:M64""}","{""origin"": ""E64"", ""formula"": ""SUM(E60:E63)"", ""ref"": ""E64:M64""}"
HIC,reporting/bscr/reconcile/filled in templates/2026 BSCR - UKEU - HIC.xlsx,reporting/bscr/reconcile/filled in templates/2026 BSCR - UKEU - HIC v2.xlsx,Schedule X(f),J10,17951.7968,121704907.469478,,
HIC,reporting/bscr/reconcile/filled in templates/2026 BSCR - UKEU - HIC.xlsx,reporting/bscr/reconcile/filled in templates/2026 BSCR - UKEU - HIC v2.xlsx,Schedule X(f),J11,,15332.806399999899,,
HIC,reporting/bscr/reconcile/filled in templates/2026 BSCR - UKEU - HIC.xlsx,reporting/bscr/reconcile/filled in templates/2026 BSCR - UKEU - HIC v2.xlsx,Schedule X(f),J12,17951.7968,121720240.275878,"{""origin"": ""E12"", ""formula"": ""SUM(E10:E11)"", ""ref"": ""E12:M12""}","{""origin"": ""E12"", ""formula"": ""SUM(E10:E11)"", ""ref"": ""E12:M12""}"
HIC,reporting/bscr/reconcile/filled in templates/2026 BSCR - UKEU - HIC.xlsx,reporting/bscr/reconcile/filled in templates/2026 BSCR - UKEU - HIC v2.xlsx,Schedule X(f),J19,17951.7968,121704907.469478,,
HIC,reporting/bscr/reconcile/filled in templates/2026 BSCR - UKEU - HIC.xlsx,reporting/bscr/reconcile/filled in templates/2026 BSCR - UKEU - HIC v2.xlsx,Schedule X(f),J20,,15332.806399999899,,
HIC,reporting/bscr/reconcile/filled in templates/2026 BSCR - UKEU - HIC.xlsx,reporting/bscr/reconcile/filled in templates/2026 BSCR - UKEU - HIC v2.xlsx,Schedule X(f),J21,17951.7968,121720240.275878,"{""origin"": ""E21"", ""formula"": ""SUM(E19:E20)"", ""ref"": ""E21:M21""}","{""origin"": ""E21"", ""formula"": ""SUM(E19:E20)"", ""ref"": ""E21:M21""}"
HIC,reporting/bscr/reconcile/filled in templates/2026 BSCR - UKEU - HIC.xlsx,reporting/bscr/reconcile/filled in templates/2026 BSCR - UKEU - HIC v2.xlsx,Schedule X(f),J28,17951.7968,121704907.469478,,
HIC,reporting/bscr/reconcile/filled in templates/2026 BSCR - UKEU - HIC.xlsx,reporting/bscr/reconcile/filled in templates/2026 BSCR - UKEU - HIC v2.xlsx,Schedule X(f),J33,17951.7968,121704907.469478,"{""origin"": ""E33"", ""formula"": ""SUM(E28:E32)"", ""ref"": ""E33:M33""}","{""origin"": ""E33"", ""formula"": ""SUM(E28:E32)"", ""ref"": ""E33:M33""}"
HIC,reporting/bscr/reconcile/filled in templates/2026 BSCR - UKEU - HIC.xlsx,reporting/bscr/reconcile/filled in templates/2026 BSCR - UKEU - HIC v2.xlsx,Schedule X(f),J43,,15332.806399999899,,
HIC,reporting/bscr/reconcile/filled in templates/2026 BSCR - UKEU - HIC.xlsx,reporting/bscr/reconcile/filled in templates/2026 BSCR - UKEU - HIC v2.xlsx,Schedule X(f),J46,0,15332.806399999899,"{""origin"": ""E46"", ""formula"": ""SUM(E43:E45)"", ""ref"": ""E46:M46""}","{""origin"": ""E46"", ""formula"": ""SUM(E43:E45)"", ""ref"": ""E46:M46""}"
HIC,reporting/bscr/reconcile/filled in templates/2026 BSCR - UKEU - HIC.xlsx,reporting/bscr/reconcile/filled in templates/2026 BSCR - UKEU - HIC v2.xlsx,Schedule X(f),J60,,15332.806399999899,,
HIC,reporting/bscr/reconcile/filled in templates/2026 BSCR - UKEU - HIC.xlsx,reporting/bscr/reconcile/filled in templates/2026 BSCR - UKEU - HIC v2.xlsx,Schedule X(f),J64,0,15332.806399999899,"{""origin"": ""E64"", ""formula"": ""SUM(E60:E63)"", ""ref"": ""E64:M64""}","{""origin"": ""E64"", ""formula"": ""SUM(E60:E63)"", ""ref"": ""E64:M64""}"
HIC,reporting/bscr/reconcile/filled in templates/2026 BSCR - UKEU - HIC.xlsx,reporting/bscr/reconcile/filled in templates/2026 BSCR - UKEU - HIC v2.xlsx,Schedule X(f),K10,51,173658,H10+E10,H10+E10
HIC,reporting/bscr/reconcile/filled in templates/2026 BSCR - UKEU - HIC.xlsx,reporting/bscr/reconcile/filled in templates/2026 BSCR - UKEU - HIC v2.xlsx,Schedule X(f),K11,0,29,"{""origin"": ""K10"", ""formula"": ""H10+E10"", ""ref"": ""K10:M11""}","{""origin"": ""K10"", ""formula"": ""H10+E10"", ""ref"": ""K10:M11""}"
HIC,reporting/bscr/reconcile/filled in templates/2026 BSCR - UKEU - HIC.xlsx,reporting/bscr/reconcile/filled in templates/2026 BSCR - UKEU - HIC v2.xlsx,Schedule X(f),K12,51,173687,"{""origin"": ""E12"", ""formula"": ""SUM(E10:E11)"", ""ref"": ""E12:M12""}","{""origin"": ""E12"", ""formula"": ""SUM(E10:E11)"", ""ref"": ""E12:M12""}"
HIC,reporting/bscr/reconcile/filled in templates/2026 BSCR - UKEU - HIC.xlsx,reporting/bscr/reconcile/filled in templates/2026 BSCR - UKEU - HIC v2.xlsx,Schedule X(f),K19,51,173658,H19+E19,H19+E19
HIC,reporting/bscr/reconcile/filled in templates/2026 BSCR - UKEU - HIC.xlsx,reporting/bscr/reconcile/filled in templates/2026 BSCR - UKEU - HIC v2.xlsx,Schedule X(f),K20,0,29,"{""origin"": ""K19"", ""formula"": ""H19+E19"", ""ref"": ""K19:L21""}","{""origin"": ""K19"", ""formula"": ""H19+E19"", ""ref"": ""K19:L21""}"
HIC,reporting/bscr/reconcile/filled in templates/2026 BSCR - UKEU - HIC.xlsx,reporting/bscr/reconcile/filled in templates/2026 BSCR - UKEU - HIC v2.xlsx,Schedule X(f),K21,51,173687,"{""origin"": ""K19"", ""formula"": ""H19+E19"", ""ref"": ""K19:L21""}","{""origin"": ""K19"", ""formula"": ""H19+E19"", ""ref"": ""K19:L21""}"
HIC,reporting/bscr/reconcile/filled in templates/2026 BSCR - UKEU - HIC.xlsx,reporting/bscr/reconcile/filled in templates/2026 BSCR - UKEU - HIC v2.xlsx,Schedule X(f),K28,51,173658,H28+E28,H28+E28
HIC,reporting/bscr/reconcile/filled in templates/2026 BSCR - UKEU - HIC.xlsx,reporting/bscr/reconcile/filled in templates/2026 BSCR - UKEU - HIC v2.xlsx,Schedule X(f),K33,51,173658,"{""origin"": ""E33"", ""formula"": ""SUM(E28:E32)"", ""ref"": ""E33:M33""}","{""origin"": ""E33"", ""formula"": ""SUM(E28:E32)"", ""ref"": ""E33:M33""}"
HIC,reporting/bscr/reconcile/filled in templates/2026 BSCR - UKEU - HIC.xlsx,reporting/bscr/reconcile/filled in templates/2026 BSCR - UKEU - HIC v2.xlsx,Schedule X(f),K43,0,29,H43+E43,H43+E43
HIC,reporting/bscr/reconcile/filled in templates/2026 BSCR - UKEU - HIC.xlsx,reporting/bscr/reconcile/filled in templates/2026 BSCR - UKEU - HIC v2.xlsx,Schedule X(f),K46,0,29,"{""origin"": ""E46"", ""formula"": ""SUM(E43:E45)"", ""ref"": ""E46:M46""}","{""origin"": ""E46"", ""formula"": ""SUM(E43:E45)"", ""ref"": ""E46:M46""}"
HIC,reporting/bscr/reconcile/filled in templates/2026 BSCR - UKEU - HIC.xlsx,reporting/bscr/reconcile/filled in templates/2026 BSCR - UKEU - HIC v2.xlsx,Schedule X(f),K60,0,29,H60+E60,H60+E60
HIC,reporting/bscr/reconcile/filled in templates/2026 BSCR - UKEU - HIC.xlsx,reporting/bscr/reconcile/filled in templates/2026 BSCR - UKEU - HIC v2.xlsx,Schedule X(f),K64,0,29,"{""origin"": ""E64"", ""formula"": ""SUM(E60:E63)"", ""ref"": ""E64:M64""}","{""origin"": ""E64"", ""formula"": ""SUM(E60:E63)"", ""ref"": ""E64:M64""}"
HIC,reporting/bscr/reconcile/filled in templates/2026 BSCR - UKEU - HIC.xlsx,reporting/bscr/reconcile/filled in templates/2026 BSCR - UKEU - HIC v2.xlsx,Schedule X(f),L10,20414.496800000001,121727653.50347799,"{""origin"": ""K10"", ""formula"": ""H10+E10"", ""ref"": ""K10:M11""}","{""origin"": ""K10"", ""formula"": ""H10+E10"", ""ref"": ""K10:M11""}"
HIC,reporting/bscr/reconcile/filled in templates/2026 BSCR - UKEU - HIC.xlsx,reporting/bscr/reconcile/filled in templates/2026 BSCR - UKEU - HIC v2.xlsx,Schedule X(f),L11,0,15433.806399999899,"{""origin"": ""K10"", ""formula"": ""H10+E10"", ""ref"": ""K10:M11""}","{""origin"": ""K10"", ""formula"": ""H10+E10"", ""ref"": ""K10:M11""}"
HIC,reporting/bscr/reconcile/filled in templates/2026 BSCR - UKEU - HIC.xlsx,reporting/bscr/reconcile/filled in templates/2026 BSCR - UKEU - HIC v2.xlsx,Schedule X(f),L12,20414.496800000001,121743087.30987799,I12+F12,I12+F12
HIC,reporting/bscr/reconcile/filled in templates/2026 BSCR - UKEU - HIC.xlsx,reporting/bscr/reconcile/filled in templates/2026 BSCR - UKEU - HIC v2.xlsx,Schedule X(f),L19,20414.496800000001,121727653.50347799,"{""origin"": ""K19"", ""formula"": ""H19+E19"", ""ref"": ""K19:L21""}","{""origin"": ""K19"", ""formula"": ""H19+E19"", ""ref"": ""K19:L21""}"
HIC,reporting/bscr/reconcile/filled in templates/2026 BSCR - UKEU - HIC.xlsx,reporting/bscr/reconcile/filled in templates/2026 BSCR - UKEU - HIC v2.xlsx,Schedule X(f),L20,0,15433.806399999899,"{""origin"": ""K19"", ""formula"": ""H19+E19"", ""ref"": ""K19:L21""}","{""origin"": ""K19"", ""formula"": ""H19+E19"", ""ref"": ""K19:L21""}"
HIC,reporting/bscr/reconcile/filled in templates/2026 BSCR - UKEU - HIC.xlsx,reporting/bscr/reconcile/filled in templates/2026 BSCR - UKEU - HIC v2.xlsx,Schedule X(f),L21,20414.496800000001,121743087.30987799,"{""origin"": ""K19"", ""formula"": ""H19+E19"", ""ref"": ""K19:L21""}","{""origin"": ""K19"", ""formula"": ""H19+E19"", ""ref"": ""K19:L21""}"
HIC,reporting/bscr/reconcile/filled in templates/2026 BSCR - UKEU - HIC.xlsx,reporting/bscr/reconcile/filled in templates/2026 BSCR - UKEU - HIC v2.xlsx,Schedule X(f),L28,20414.496800000001,121727653.50347799,"{""origin"": ""K28"", ""formula"": ""H28+E28"", ""ref"": ""K28:L32""}","{""origin"": ""K28"", ""formula"": ""H28+E28"", ""ref"": ""K28:L32""}"
HIC,reporting/bscr/reconcile/filled in templates/2026 BSCR - UKEU - HIC.xlsx,reporting/bscr/reconcile/filled in templates/2026 BSCR - UKEU - HIC v2.xlsx,Schedule X(f),L33,20414.496800000001,121727653.50347799,I33+F33,I33+F33
HIC,reporting/bscr/reconcile/filled in templates/2026 BSCR - UKEU - HIC.xlsx,reporting/bscr/reconcile/filled in templates/2026 BSCR - UKEU - HIC v2.xlsx,Schedule X(f),L43,0,15433.806399999899,"{""origin"": ""K43"", ""formula"": ""H43+E43"", ""ref"": ""K43:L45""}","{""origin"": ""K43"", ""formula"": ""H43+E43"", ""ref"": ""K43:L45""}"
HIC,reporting/bscr/reconcile/filled in templates/2026 BSCR - UKEU - HIC.xlsx,reporting/bscr/reconcile/filled in templates/2026 BSCR - UKEU - HIC v2.xlsx,Schedule X(f),L46,0,15433.806399999899,I46+F46,I46+F46
HIC,reporting/bscr/reconcile/filled in templates/2026 BSCR - UKEU - HIC.xlsx,reporting/bscr/reconcile/filled in templates/2026 BSCR - UKEU - HIC v2.xlsx,Schedule X(f),L60,0,15433.806399999899,"{""origin"": ""K60"", ""formula"": ""H60+E60"", ""ref"": ""K60:L63""}","{""origin"": ""K60"", ""formula"": ""H60+E60"", ""ref"": ""K60:L63""}"
HIC,reporting/bscr/reconcile/filled in templates/2026 BSCR - UKEU - HIC.xlsx,reporting/bscr/reconcile/filled in templates/2026 BSCR - UKEU - HIC v2.xlsx,Schedule X(f),L64,0,15433.806399999899,I64+F64,I64+F64
HIC,reporting/bscr/reconcile/filled in templates/2026 BSCR - UKEU - HIC.xlsx,reporting/bscr/reconcile/filled in templates/2026 BSCR - UKEU - HIC v2.xlsx,Schedule X(f),M10,20414.496800000001,121727653.50347799,"{""origin"": ""K10"", ""formula"": ""H10+E10"", ""ref"": ""K10:M11""}","{""origin"": ""K10"", ""formula"": ""H10+E10"", ""ref"": ""K10:M11""}"
HIC,reporting/bscr/reconcile/filled in templates/2026 BSCR - UKEU - HIC.xlsx,reporting/bscr/reconcile/filled in templates/2026 BSCR - UKEU - HIC v2.xlsx,Schedule X(f),M11,0,15433.806399999899,"{""origin"": ""K10"", ""formula"": ""H10+E10"", ""ref"": ""K10:M11""}","{""origin"": ""K10"", ""formula"": ""H10+E10"", ""ref"": ""K10:M11""}"
HIC,reporting/bscr/reconcile/filled in templates/2026 BSCR - UKEU - HIC.xlsx,reporting/bscr/reconcile/filled in templates/2026 BSCR - UKEU - HIC v2.xlsx,Schedule X(f),M12,20414.496800000001,121743087.30987799,"{""origin"": ""E12"", ""formula"": ""SUM(E10:E11)"", ""ref"": ""E12:M12""}","{""origin"": ""E12"", ""formula"": ""SUM(E10:E11)"", ""ref"": ""E12:M12""}"
HIC,reporting/bscr/reconcile/filled in templates/2026 BSCR - UKEU - HIC.xlsx,reporting/bscr/reconcile/filled in templates/2026 BSCR - UKEU - HIC v2.xlsx,Schedule X(f),M19,20414.496800000001,121727653.50347799,J19+G19,J19+G19
HIC,reporting/bscr/reconcile/filled in templates/2026 BSCR - UKEU - HIC.xlsx,reporting/bscr/reconcile/filled in templates/2026 BSCR - UKEU - HIC v2.xlsx,Schedule X(f),M20,0,15433.806399999899,J20+G20,J20+G20
HIC,reporting/bscr/reconcile/filled in templates/2026 BSCR - UKEU - HIC.xlsx,reporting/bscr/reconcile/filled in templates/2026 BSCR - UKEU - HIC v2.xlsx,Schedule X(f),M21,20414.496800000001,121743087.30987799,"{""origin"": ""E21"", ""formula"": ""SUM(E19:E20)"", ""ref"": ""E21:M21""}","{""origin"": ""E21"", ""formula"": ""SUM(E19:E20)"", ""ref"": ""E21:M21""}"
HIC,reporting/bscr/reconcile/filled in templates/2026 BSCR - UKEU - HIC.xlsx,reporting/bscr/reconcile/filled in templates/2026 BSCR - UKEU - HIC v2.xlsx,Schedule X(f),M28,20414.496800000001,121727653.50347799,J28+G28,J28+G28
HIC,reporting/bscr/reconcile/filled in templates/2026 BSCR - UKEU - HIC.xlsx,reporting/bscr/reconcile/filled in templates/2026 BSCR - UKEU - HIC v2.xlsx,Schedule X(f),M33,20414.496800000001,121727653.50347799,"{""origin"": ""E33"", ""formula"": ""SUM(E28:E32)"", ""ref"": ""E33:M33""}","{""origin"": ""E33"", ""formula"": ""SUM(E28:E32)"", ""ref"": ""E33:M33""}"
HIC,reporting/bscr/reconcile/filled in templates/2026 BSCR - UKEU - HIC.xlsx,reporting/bscr/reconcile/filled in templates/2026 BSCR - UKEU - HIC v2.xlsx,Schedule X(f),M43,0,15433.806399999899,J43+G43,J43+G43
HIC,reporting/bscr/reconcile/filled in templates/2026 BSCR - UKEU - HIC.xlsx,reporting/bscr/reconcile/filled in templates/2026 BSCR - UKEU - HIC v2.xlsx,Schedule X(f),M46,0,15433.806399999899,"{""origin"": ""E46"", ""formula"": ""SUM(E43:E45)"", ""ref"": ""E46:M46""}","{""origin"": ""E46"", ""formula"": ""SUM(E43:E45)"", ""ref"": ""E46:M46""}"
HIC,reporting/bscr/reconcile/filled in templates/2026 BSCR - UKEU - HIC.xlsx,reporting/bscr/reconcile/filled in templates/2026 BSCR - UKEU - HIC v2.xlsx,Schedule X(f),M60,0,15433.806399999899,J60+G60,J60+G60
HIC,reporting/bscr/reconcile/filled in templates/2026 BSCR - UKEU - HIC.xlsx,reporting/bscr/reconcile/filled in templates/2026 BSCR - UKEU - HIC v2.xlsx,Schedule X(f),M64,0,15433.806399999899,"{""origin"": ""E64"", ""formula"": ""SUM(E60:E63)"", ""ref"": ""E64:M64""}","{""origin"": ""E64"", ""formula"": ""SUM(E60:E63)"", ""ref"": ""E64:M64""}"
HIC,reporting/bscr/reconcile/filled in templates/2026 BSCR - UKEU - HIC v2.xlsx,reporting/bscr/reconcile/2026 BSCR - UKEU - HIC.xlsx,Schedule X(a),E21,,491.27,,
HIC,reporting/bscr/reconcile/filled in templates/2026 BSCR - UKEU - HIC v2.xlsx,reporting/bscr/reconcile/2026 BSCR - UKEU - HIC.xlsx,Schedule X(a),E25,121727653.50347799,164328,,
HIC,reporting/bscr/reconcile/filled in templates/2026 BSCR - UKEU - HIC v2.xlsx,reporting/bscr/reconcile/2026 BSCR - UKEU - HIC.xlsx,Schedule X(a),E26,15433.806399999899,26,,
HIC,reporting/bscr/reconcile/filled in templates/2026 BSCR - UKEU - HIC v2.xlsx,reporting/bscr/reconcile/2026 BSCR - UKEU - HIC.xlsx,Schedule X(a),J21,,491.27,,
HIC,reporting/bscr/reconcile/filled in templates/2026 BSCR - UKEU - HIC v2.xlsx,reporting/bscr/reconcile/2026 BSCR - UKEU - HIC.xlsx,Schedule X(a),J25,121727653.50347799,164328,,
HIC,reporting/bscr/reconcile/filled in templates/2026 BSCR - UKEU - HIC v2.xlsx,reporting/bscr/reconcile/2026 BSCR - UKEU - HIC.xlsx,Schedule X(a),J26,15433.806399999899,26,,
HIC,reporting/bscr/reconcile/filled in templates/2026 BSCR - UKEU - HIC v2.xlsx,reporting/bscr/reconcile/2026 BSCR - UKEU - HIC.xlsx,Schedule X(b),E23,0,491.27,[3]Import!G4098,
HIC,reporting/bscr/reconcile/filled in templates/2026 BSCR - UKEU - HIC v2.xlsx,reporting/bscr/reconcile/2026 BSCR - UKEU - HIC.xlsx,Schedule X(b),E25,0,,[3]Import!G4099,
HIC,reporting/bscr/reconcile/filled in templates/2026 BSCR - UKEU - HIC v2.xlsx,reporting/bscr/reconcile/2026 BSCR - UKEU - HIC.xlsx,Schedule X(b),E26,0,,[3]Import!G4100,
HIC,reporting/bscr/reconcile/filled in templates/2026 BSCR - UKEU - HIC v2.xlsx,reporting/bscr/reconcile/2026 BSCR - UKEU - HIC.xlsx,Schedule X(b),E27,121727653.50347799,164328,,
HIC,reporting/bscr/reconcile/filled in templates/2026 BSCR - UKEU - HIC v2.xlsx,reporting/bscr/reconcile/2026 BSCR - UKEU - HIC.xlsx,Schedule X(b),E28,15433.806399999899,26,,
HIC,reporting/bscr/reconcile/filled in templates/2026 BSCR - UKEU - HIC v2.xlsx,reporting/bscr/reconcile/2026 BSCR - UKEU - HIC.xlsx,Schedule X(b),J23,0,491.27,[3]Import!G4109,
HIC,reporting/bscr/reconcile/filled in templates/2026 BSCR - UKEU - HIC v2.xlsx,reporting/bscr/reconcile/2026 BSCR - UKEU - HIC.xlsx,Schedule X(b),J25,0,,[3]Import!G4110,
HIC,reporting/bscr/reconcile/filled in templates/2026 BSCR - UKEU - HIC v2.xlsx,reporting/bscr/reconcile/2026 BSCR - UKEU - HIC.xlsx,Schedule X(b),J26,0,,[3]Import!G4111,
HIC,reporting/bscr/reconcile/filled in templates/2026 BSCR - UKEU - HIC v2.xlsx,reporting/bscr/reconcile/2026 BSCR - UKEU - HIC.xlsx,Schedule X(b),J27,121727653.50347799,164328,,
HIC,reporting/bscr/reconcile/filled in templates/2026 BSCR - UKEU - HIC v2.xlsx,reporting/bscr/reconcile/2026 BSCR - UKEU - HIC.xlsx,Schedule X(b),J28,15433.806399999899,26,,
HIC,reporting/bscr/reconcile/filled in templates/2026 BSCR - UKEU - HIC v2.xlsx,reporting/bscr/reconcile/2026 BSCR - UKEU - HIC.xlsx,Schedule X(c),E113,,0,,
HIC,reporting/bscr/reconcile/filled in templates/2026 BSCR - UKEU - HIC v2.xlsx,reporting/bscr/reconcile/2026 BSCR - UKEU - HIC.xlsx,Schedule X(c),E115,276,0.37259999999999999,,
HIC,reporting/bscr/reconcile/filled in templates/2026 BSCR - UKEU - HIC v2.xlsx,reporting/bscr/reconcile/2026 BSCR - UKEU - HIC.xlsx,Schedule X(c),E25,,0.09,,
HIC,reporting/bscr/reconcile/filled in templates/2026 BSCR - UKEU - HIC v2.xlsx,reporting/bscr/reconcile/2026 BSCR - UKEU - HIC.xlsx,Schedule X(c),E27,,30.843495900000004,,
HIC,reporting/bscr/reconcile/filled in templates/2026 BSCR - UKEU - HIC v2.xlsx,reporting/bscr/reconcile/2026 BSCR - UKEU - HIC.xlsx,Schedule X(c),E47,,0.09,,
HIC,reporting/bscr/reconcile/filled in templates/2026 BSCR - UKEU - HIC v2.xlsx,reporting/bscr/reconcile/2026 BSCR - UKEU - HIC.xlsx,Schedule X(c),E49,212,0.28620000000000001,,
HIC,reporting/bscr/reconcile/filled in templates/2026 BSCR - UKEU - HIC v2.xlsx,reporting/bscr/reconcile/2026 BSCR - UKEU - HIC.xlsx,Schedule X(c),E69,,489.46,,
HIC,reporting/bscr/reconcile/filled in templates/2026 BSCR - UKEU - HIC v2.xlsx,reporting/bscr/reconcile/2026 BSCR - UKEU - HIC.xlsx,Schedule X(c),E71,121294744.88561998,163747.90559558698,,
HIC,reporting/bscr/reconcile/filled in templates/2026 BSCR - UKEU - HIC v2.xlsx,reporting/bscr/reconcile/2026 BSCR - UKEU - HIC.xlsx,Schedule X(c),E91,,0,,
HIC,reporting/bscr/reconcile/filled in templates/2026 BSCR - UKEU - HIC v2.xlsx,reporting/bscr/reconcile/2026 BSCR - UKEU - HIC.xlsx,Schedule X(c),E93,276,0.37259999999999999,,
HIC,reporting/bscr/reconcile/filled in templates/2026 BSCR - UKEU - HIC v2.xlsx,reporting/bscr/reconcile/2026 BSCR - UKEU - HIC.xlsx,Schedule X(c),F113,,0,,
HIC,reporting/bscr/reconcile/filled in templates/2026 BSCR - UKEU - HIC v2.xlsx,reporting/bscr/reconcile/2026 BSCR - UKEU - HIC.xlsx,Schedule X(c),F115,276,0.37259999999999999,,
HIC,reporting/bscr/reconcile/filled in templates/2026 BSCR - UKEU - HIC v2.xlsx,reporting/bscr/reconcile/2026 BSCR - UKEU - HIC.xlsx,Schedule X(c),F25,,0.09,,
HIC,reporting/bscr/reconcile/filled in templates/2026 BSCR - UKEU - HIC v2.xlsx,reporting/bscr/reconcile/2026 BSCR - UKEU - HIC.xlsx,Schedule X(c),F27,,30.843495900000004,,
HIC,reporting/bscr/reconcile/filled in templates/2026 BSCR - UKEU - HIC v2.xlsx,reporting/bscr/reconcile/2026 BSCR - UKEU - HIC.xlsx,Schedule X(c),F47,,0.09,,
HIC,reporting/bscr/reconcile/filled in templates/2026 BSCR - UKEU - HIC v2.xlsx,reporting/bscr/reconcile/2026 BSCR - UKEU - HIC.xlsx,Schedule X(c),F49,212,0.28620000000000001,,
HIC,reporting/bscr/reconcile/filled in templates/2026 BSCR - UKEU - HIC v2.xlsx,reporting/bscr/reconcile/2026 BSCR - UKEU - HIC.xlsx,Schedule X(c),F69,,489.46,,
HIC,reporting/bscr/reconcile/filled in templates/2026 BSCR - UKEU - HIC v2.xlsx,reporting/bscr/reconcile/2026 BSCR - UKEU - HIC.xlsx,Schedule X(c),F71,121294744.88561998,163747.90559558698,,
HIC,reporting/bscr/reconcile/filled in templates/2026 BSCR - UKEU - HIC v2.xlsx,reporting/bscr/reconcile/2026 BSCR - UKEU - HIC.xlsx,Schedule X(c),F91,,0,,
HIC,reporting/bscr/reconcile/filled in templates/2026 BSCR - UKEU - HIC v2.xlsx,reporting/bscr/reconcile/2026 BSCR - UKEU - HIC.xlsx,Schedule X(c),F93,276,0.37259999999999999,,
HIC,reporting/bscr/reconcile/filled in templates/2026 BSCR - UKEU - HIC v2.xlsx,reporting/bscr/reconcile/2026 BSCR - UKEU - HIC.xlsx,Schedule X(f),C49,,Territories covered individually too small to require modelled assessment of exposure,,
HIC,reporting/bscr/reconcile/filled in templates/2026 BSCR - UKEU - HIC v2.xlsx,reporting/bscr/reconcile/2026 BSCR - UKEU - HIC.xlsx,Schedule X(f),E10,32,33,,
HIC,reporting/bscr/reconcile/filled in templates/2026 BSCR - UKEU - HIC v2.xlsx,reporting/bscr/reconcile/2026 BSCR - UKEU - HIC.xlsx,Schedule X(f),E11,1,,,
HIC,reporting/bscr/reconcile/filled in templates/2026 BSCR - UKEU - HIC v2.xlsx,reporting/bscr/reconcile/2026 BSCR - UKEU - HIC.xlsx,Schedule X(f),E28,32,,,
HIC,reporting/bscr/reconcile/filled in templates/2026 BSCR - UKEU - HIC v2.xlsx,reporting/bscr/reconcile/2026 BSCR - UKEU - HIC.xlsx,Schedule X(f),E29,,32,,
HIC,reporting/bscr/reconcile/filled in templates/2026 BSCR - UKEU - HIC v2.xlsx,reporting/bscr/reconcile/2026 BSCR - UKEU - HIC.xlsx,Schedule X(f),E60,1,,,
HIC,reporting/bscr/reconcile/filled in templates/2026 BSCR - UKEU - HIC v2.xlsx,reporting/bscr/reconcile/2026 BSCR - UKEU - HIC.xlsx,Schedule X(f),E64,1,0,SUM(E60:E63),SUM(E60:E63)
HIC,reporting/bscr/reconcile/filled in templates/2026 BSCR - UKEU - HIC v2.xlsx,reporting/bscr/reconcile/2026 BSCR - UKEU - HIC.xlsx,Schedule X(f),F10,22746.034,31,,
HIC,reporting/bscr/reconcile/filled in templates/2026 BSCR - UKEU - HIC v2.xlsx,reporting/bscr/reconcile/2026 BSCR - UKEU - HIC.xlsx,Schedule X(f),F11,101,,,
HIC,reporting/bscr/reconcile/filled in templates/2026 BSCR - UKEU - HIC v2.xlsx,reporting/bscr/reconcile/2026 BSCR - UKEU - HIC.xlsx,Schedule X(f),F12,22847.034,31,"{""origin"": ""E12"", ""formula"": ""SUM(E10:E11)"", ""ref"": ""E12:M12""}","{""origin"": ""E12"", ""formula"": ""SUM(E10:E11)"", ""ref"": ""E12:M12""}"
HIC,reporting/bscr/reconcile/filled in templates/2026 BSCR - UKEU - HIC v2.xlsx,reporting/bscr/reconcile/2026 BSCR - UKEU - HIC.xlsx,Schedule X(f),F19,22746.034,31,,
HIC,reporting/bscr/reconcile/filled in templates/2026 BSCR - UKEU - HIC v2.xlsx,reporting/bscr/reconcile/2026 BSCR - UKEU - HIC.xlsx,Schedule X(f),F20,101,0,,
HIC,reporting/bscr/reconcile/filled in templates/2026 BSCR - UKEU - HIC v2.xlsx,reporting/bscr/reconcile/2026 BSCR - UKEU - HIC.xlsx,Schedule X(f),F21,22847.034,31,"{""origin"": ""E21"", ""formula"": ""SUM(E19:E20)"", ""ref"": ""E21:M21""}","{""origin"": ""E21"", ""formula"": ""SUM(E19:E20)"", ""ref"": ""E21:M21""}"
HIC,reporting/bscr/reconcile/filled in templates/2026 BSCR - UKEU - HIC v2.xlsx,reporting/bscr/reconcile/2026 BSCR - UKEU - HIC.xlsx,Schedule X(f),F28,22746.034,,,
HIC,reporting/bscr/reconcile/filled in templates/2026 BSCR - UKEU - HIC v2.xlsx,reporting/bscr/reconcile/2026 BSCR - UKEU - HIC.xlsx,Schedule X(f),F29,,30.7071459,,
HIC,reporting/bscr/reconcile/filled in templates/2026 BSCR - UKEU - HIC v2.xlsx,reporting/bscr/reconcile/2026 BSCR - UKEU - HIC.xlsx,Schedule X(f),F33,22746.034,30.7071459,"{""origin"": ""E33"", ""formula"": ""SUM(E28:E32)"", ""ref"": ""E33:M33""}","{""origin"": ""E33"", ""formula"": ""SUM(E28:E32)"", ""ref"": ""E33:M33""}"
HIC,reporting/bscr/reconcile/filled in templates/2026 BSCR - UKEU - HIC v2.xlsx,reporting/bscr/reconcile/2026 BSCR - UKEU - HIC.xlsx,Schedule X(f),F43,101,0,,
HIC,reporting/bscr/reconcile/filled in templates/2026 BSCR - UKEU - HIC v2.xlsx,reporting/bscr/reconcile/2026 BSCR - UKEU - HIC.xlsx,Schedule X(f),F46,101,0,"{""origin"": ""E46"", ""formula"": ""SUM(E43:E45)"", ""ref"": ""E46:M46""}","{""origin"": ""E46"", ""formula"": ""SUM(E43:E45)"", ""ref"": ""E46:M46""}"
HIC,reporting/bscr/reconcile/filled in templates/2026 BSCR - UKEU - HIC v2.xlsx,reporting/bscr/reconcile/2026 BSCR - UKEU - HIC.xlsx,Schedule X(f),F60,101,,,
HIC,reporting/bscr/reconcile/filled in templates/2026 BSCR - UKEU - HIC v2.xlsx,reporting/bscr/reconcile/2026 BSCR - UKEU - HIC.xlsx,Schedule X(f),F64,101,0,"{""origin"": ""E64"", ""formula"": ""SUM(E60:E63)"", ""ref"": ""E64:M64""}","{""origin"": ""E64"", ""formula"": ""SUM(E60:E63)"", ""ref"": ""E64:M64""}"
HIC,reporting/bscr/reconcile/filled in templates/2026 BSCR - UKEU - HIC v2.xlsx,reporting/bscr/reconcile/2026 BSCR - UKEU - HIC.xlsx,Schedule X(f),G10,22746.034,31,,
HIC,reporting/bscr/reconcile/filled in templates/2026 BSCR - UKEU - HIC v2.xlsx,reporting/bscr/reconcile/2026 BSCR - UKEU - HIC.xlsx,Schedule X(f),G11,101,,,
HIC,reporting/bscr/reconcile/filled in templates/2026 BSCR - UKEU - HIC v2.xlsx,reporting/bscr/reconcile/2026 BSCR - UKEU - HIC.xlsx,Schedule X(f),G12,22847.034,31,"{""origin"": ""E12"", ""formula"": ""SUM(E10:E11)"", ""ref"": ""E12:M12""}","{""origin"": ""E12"", ""formula"": ""SUM(E10:E11)"", ""ref"": ""E12:M12""}"
HIC,reporting/bscr/reconcile/filled in templates/2026 BSCR - UKEU - HIC v2.xlsx,reporting/bscr/reconcile/2026 BSCR - UKEU - HIC.xlsx,Schedule X(f),G19,22746.034,31,,
HIC,reporting/bscr/reconcile/filled in templates/2026 BSCR - UKEU - HIC v2.xlsx,reporting/bscr/reconcile/2026 BSCR - UKEU - HIC.xlsx,Schedule X(f),G20,101,0,,
HIC,reporting/bscr/reconcile/filled in templates/2026 BSCR - UKEU - HIC v2.xlsx,reporting/bscr/reconcile/2026 BSCR - UKEU - HIC.xlsx,Schedule X(f),G21,22847.034,31,"{""origin"": ""E21"", ""formula"": ""SUM(E19:E20)"", ""ref"": ""E21:M21""}","{""origin"": ""E21"", ""formula"": ""SUM(E19:E20)"", ""ref"": ""E21:M21""}"
HIC,reporting/bscr/reconcile/filled in templates/2026 BSCR - UKEU - HIC v2.xlsx,reporting/bscr/reconcile/2026 BSCR - UKEU - HIC.xlsx,Schedule X(f),G28,22746.034,,,
HIC,reporting/bscr/reconcile/filled in templates/2026 BSCR - UKEU - HIC v2.xlsx,reporting/bscr/reconcile/2026 BSCR - UKEU - HIC.xlsx,Schedule X(f),G29,,30.7071459,,
HIC,reporting/bscr/reconcile/filled in templates/2026 BSCR - UKEU - HIC v2.xlsx,reporting/bscr/reconcile/2026 BSCR - UKEU - HIC.xlsx,Schedule X(f),G33,22746.034,30.7071459,"{""origin"": ""E33"", ""formula"": ""SUM(E28:E32)"", ""ref"": ""E33:M33""}","{""origin"": ""E33"", ""formula"": ""SUM(E28:E32)"", ""ref"": ""E33:M33""}"
HIC,reporting/bscr/reconcile/filled in templates/2026 BSCR - UKEU - HIC v2.xlsx,reporting/bscr/reconcile/2026 BSCR - UKEU - HIC.xlsx,Schedule X(f),G43,101,0,,
HIC,reporting/bscr/reconcile/filled in templates/2026 BSCR - UKEU - HIC v2.xlsx,reporting/bscr/reconcile/2026 BSCR - UKEU - HIC.xlsx,Schedule X(f),G46,101,0,"{""origin"": ""E46"", ""formula"": ""SUM(E43:E45)"", ""ref"": ""E46:M46""}","{""origin"": ""E46"", ""formula"": ""SUM(E43:E45)"", ""ref"": ""E46:M46""}"
HIC,reporting/bscr/reconcile/filled in templates/2026 BSCR - UKEU - HIC v2.xlsx,reporting/bscr/reconcile/2026 BSCR - UKEU - HIC.xlsx,Schedule X(f),G60,101,,,
HIC,reporting/bscr/reconcile/filled in templates/2026 BSCR - UKEU - HIC v2.xlsx,reporting/bscr/reconcile/2026 BSCR - UKEU - HIC.xlsx,Schedule X(f),G64,101,0,"{""origin"": ""E64"", ""formula"": ""SUM(E60:E63)"", ""ref"": ""E64:M64""}","{""origin"": ""E64"", ""formula"": ""SUM(E60:E63)"", ""ref"": ""E64:M64""}"
HIC,reporting/bscr/reconcile/filled in templates/2026 BSCR - UKEU - HIC v2.xlsx,reporting/bscr/reconcile/2026 BSCR - UKEU - HIC.xlsx,Schedule X(f),H10,173626,173649,,
HIC,reporting/bscr/reconcile/filled in templates/2026 BSCR - UKEU - HIC v2.xlsx,reporting/bscr/reconcile/2026 BSCR - UKEU - HIC.xlsx,Schedule X(f),H11,28,5,,
HIC,reporting/bscr/reconcile/filled in templates/2026 BSCR - UKEU - HIC v2.xlsx,reporting/bscr/reconcile/2026 BSCR - UKEU - HIC.xlsx,Schedule X(f),H19,173626,173613,,
HIC,reporting/bscr/reconcile/filled in templates/2026 BSCR - UKEU - HIC v2.xlsx,reporting/bscr/reconcile/2026 BSCR - UKEU - HIC.xlsx,Schedule X(f),H20,28,36,,
HIC,reporting/bscr/reconcile/filled in templates/2026 BSCR - UKEU - HIC v2.xlsx,reporting/bscr/reconcile/2026 BSCR - UKEU - HIC.xlsx,Schedule X(f),H21,173654,173649,"{""origin"": ""E21"", ""formula"": ""SUM(E19:E20)"", ""ref"": ""E21:M21""}","{""origin"": ""E21"", ""formula"": ""SUM(E19:E20)"", ""ref"": ""E21:M21""}"
HIC,reporting/bscr/reconcile/filled in templates/2026 BSCR - UKEU - HIC v2.xlsx,reporting/bscr/reconcile/2026 BSCR - UKEU - HIC.xlsx,Schedule X(f),H28,173626,173607,,
HIC,reporting/bscr/reconcile/filled in templates/2026 BSCR - UKEU - HIC v2.xlsx,reporting/bscr/reconcile/2026 BSCR - UKEU - HIC.xlsx,Schedule X(f),H29,,6,,
HIC,reporting/bscr/reconcile/filled in templates/2026 BSCR - UKEU - HIC v2.xlsx,reporting/bscr/reconcile/2026 BSCR - UKEU - HIC.xlsx,Schedule X(f),H33,173626,173613,"{""origin"": ""E33"", ""formula"": ""SUM(E28:E32)"", ""ref"": ""E33:M33""}","{""origin"": ""E33"", ""formula"": ""SUM(E28:E32)"", ""ref"": ""E33:M33""}"
HIC,reporting/bscr/reconcile/filled in templates/2026 BSCR - UKEU - HIC v2.xlsx,reporting/bscr/reconcile/2026 BSCR - UKEU - HIC.xlsx,Schedule X(f),H43,28,25,,
HIC,reporting/bscr/reconcile/filled in templates/2026 BSCR - UKEU - HIC v2.xlsx,reporting/bscr/reconcile/2026 BSCR - UKEU - HIC.xlsx,Schedule X(f),H44,,0,,
HIC,reporting/bscr/reconcile/filled in templates/2026 BSCR - UKEU - HIC v2.xlsx,reporting/bscr/reconcile/2026 BSCR - UKEU - HIC.xlsx,Schedule X(f),H45,,11,,
HIC,reporting/bscr/reconcile/filled in templates/2026 BSCR - UKEU - HIC v2.xlsx,reporting/bscr/reconcile/2026 BSCR - UKEU - HIC.xlsx,Schedule X(f),H46,28,36,"{""origin"": ""E46"", ""formula"": ""SUM(E43:E45)"", ""ref"": ""E46:M46""}","{""origin"": ""E46"", ""formula"": ""SUM(E43:E45)"", ""ref"": ""E46:M46""}"
HIC,reporting/bscr/reconcile/filled in templates/2026 BSCR - UKEU - HIC v2.xlsx,reporting/bscr/reconcile/2026 BSCR - UKEU - HIC.xlsx,Schedule X(f),H60,28,0,,
HIC,reporting/bscr/reconcile/filled in templates/2026 BSCR - UKEU - HIC v2.xlsx,reporting/bscr/reconcile/2026 BSCR - UKEU - HIC.xlsx,Schedule X(f),H61,,5,,
HIC,reporting/bscr/reconcile/filled in templates/2026 BSCR - UKEU - HIC v2.xlsx,reporting/bscr/reconcile/2026 BSCR - UKEU - HIC.xlsx,Schedule X(f),H62,,0,,
HIC,reporting/bscr/reconcile/filled in templates/2026 BSCR - UKEU - HIC v2.xlsx,reporting/bscr/reconcile/2026 BSCR - UKEU - HIC.xlsx,Schedule X(f),H63,,0,,
HIC,reporting/bscr/reconcile/filled in templates/2026 BSCR - UKEU - HIC v2.xlsx,reporting/bscr/reconcile/2026 BSCR - UKEU - HIC.xlsx,Schedule X(f),H64,28,5,"{""origin"": ""E64"", ""formula"": ""SUM(E60:E63)"", ""ref"": ""E64:M64""}","{""origin"": ""E64"", ""formula"": ""SUM(E60:E63)"", ""ref"": ""E64:M64""}"
HIC,reporting/bscr/reconcile/filled in templates/2026 BSCR - UKEU - HIC v2.xlsx,reporting/bscr/reconcile/2026 BSCR - UKEU - HIC.xlsx,Schedule X(f),I10,121704907.469478,164320,,
HIC,reporting/bscr/reconcile/filled in templates/2026 BSCR - UKEU - HIC v2.xlsx,reporting/bscr/reconcile/2026 BSCR - UKEU - HIC.xlsx,Schedule X(f),I11,15332.806399999899,3,,
HIC,reporting/bscr/reconcile/filled in templates/2026 BSCR - UKEU - HIC v2.xlsx,reporting/bscr/reconcile/2026 BSCR - UKEU - HIC.xlsx,Schedule X(f),I12,121720240.275878,164323,"{""origin"": ""E12"", ""formula"": ""SUM(E10:E11)"", ""ref"": ""E12:M12""}","{""origin"": ""E12"", ""formula"": ""SUM(E10:E11)"", ""ref"": ""E12:M12""}"
HIC,reporting/bscr/reconcile/filled in templates/2026 BSCR - UKEU - HIC v2.xlsx,reporting/bscr/reconcile/2026 BSCR - UKEU - HIC.xlsx,Schedule X(f),I19,121704907.469478,164297,,
HIC,reporting/bscr/reconcile/filled in templates/2026 BSCR - UKEU - HIC v2.xlsx,reporting/bscr/reconcile/2026 BSCR - UKEU - HIC.xlsx,Schedule X(f),I20,15332.806399999899,23,,
HIC,reporting/bscr/reconcile/filled in templates/2026 BSCR - UKEU - HIC v2.xlsx,reporting/bscr/reconcile/2026 BSCR - UKEU - HIC.xlsx,Schedule X(f),I21,121720240.275878,164320,"{""origin"": ""E21"", ""formula"": ""SUM(E19:E20)"", ""ref"": ""E21:M21""}","{""origin"": ""E21"", ""formula"": ""SUM(E19:E20)"", ""ref"": ""E21:M21""}"
HIC,reporting/bscr/reconcile/filled in templates/2026 BSCR - UKEU - HIC v2.xlsx,reporting/bscr/reconcile/2026 BSCR - UKEU - HIC.xlsx,Schedule X(f),I28,121704907.469478,164296,,
HIC,reporting/bscr/reconcile/filled in templates/2026 BSCR - UKEU - HIC v2.xlsx,reporting/bscr/reconcile/2026 BSCR - UKEU - HIC.xlsx,Schedule X(f),I29,,1,,
HIC,reporting/bscr/reconcile/filled in templates/2026 BSCR - UKEU - HIC v2.xlsx,reporting/bscr/reconcile/2026 BSCR - UKEU - HIC.xlsx,Schedule X(f),I33,121704907.469478,164297,"{""origin"": ""E33"", ""formula"": ""SUM(E28:E32)"", ""ref"": ""E33:M33""}","{""origin"": ""E33"", ""formula"": ""SUM(E28:E32)"", ""ref"": ""E33:M33""}"
HIC,reporting/bscr/reconcile/filled in templates/2026 BSCR - UKEU - HIC v2.xlsx,reporting/bscr/reconcile/2026 BSCR - UKEU - HIC.xlsx,Schedule X(f),I43,15332.806399999899,20,,
HIC,reporting/bscr/reconcile/filled in templates/2026 BSCR - UKEU - HIC v2.xlsx,reporting/bscr/reconcile/2026 BSCR - UKEU - HIC.xlsx,Schedule X(f),I44,,0,,
HIC,reporting/bscr/reconcile/filled in templates/2026 BSCR - UKEU - HIC v2.xlsx,reporting/bscr/reconcile/2026 BSCR - UKEU - HIC.xlsx,Schedule X(f),I45,,2,,
HIC,reporting/bscr/reconcile/filled in templates/2026 BSCR - UKEU - HIC v2.xlsx,reporting/bscr/reconcile/2026 BSCR - UKEU - HIC.xlsx,Schedule X(f),I46,15332.806399999899,22,"{""origin"": ""E46"", ""formula"": ""SUM(E43:E45)"", ""ref"": ""E46:M46""}","{""origin"": ""E46"", ""formula"": ""SUM(E43:E45)"", ""ref"": ""E46:M46""}"
HIC,reporting/bscr/reconcile/filled in templates/2026 BSCR - UKEU - HIC v2.xlsx,reporting/bscr/reconcile/2026 BSCR - UKEU - HIC.xlsx,Schedule X(f),I60,15332.806399999899,0,,
HIC,reporting/bscr/reconcile/filled in templates/2026 BSCR - UKEU - HIC v2.xlsx,reporting/bscr/reconcile/2026 BSCR - UKEU - HIC.xlsx,Schedule X(f),I61,,2.8992994200000002,,
HIC,reporting/bscr/reconcile/filled in templates/2026 BSCR - UKEU - HIC v2.xlsx,reporting/bscr/reconcile/2026 BSCR - UKEU - HIC.xlsx,Schedule X(f),I62,,0,,
HIC,reporting/bscr/reconcile/filled in templates/2026 BSCR - UKEU - HIC v2.xlsx,reporting/bscr/reconcile/2026 BSCR - UKEU - HIC.xlsx,Schedule X(f),I63,,0,,
HIC,reporting/bscr/reconcile/filled in templates/2026 BSCR - UKEU - HIC v2.xlsx,reporting/bscr/reconcile/2026 BSCR - UKEU - HIC.xlsx,Schedule X(f),I64,15332.806399999899,2.8992994200000002,"{""origin"": ""E64"", ""formula"": ""SUM(E60:E63)"", ""ref"": ""E64:M64""}","{""origin"": ""E64"", ""formula"": ""SUM(E60:E63)"", ""ref"": ""E64:M64""}"
HIC,reporting/bscr/reconcile/filled in templates/2026 BSCR - UKEU - HIC v2.xlsx,reporting/bscr/reconcile/2026 BSCR - UKEU - HIC.xlsx,Schedule X(f),J10,121704907.469478,164320,,
HIC,reporting/bscr/reconcile/filled in templates/2026 BSCR - UKEU - HIC v2.xlsx,reporting/bscr/reconcile/2026 BSCR - UKEU - HIC.xlsx,Schedule X(f),J11,15332.806399999899,3,,
HIC,reporting/bscr/reconcile/filled in templates/2026 BSCR - UKEU - HIC v2.xlsx,reporting/bscr/reconcile/2026 BSCR - UKEU - HIC.xlsx,Schedule X(f),J12,121720240.275878,164323,"{""origin"": ""E12"", ""formula"": ""SUM(E10:E11)"", ""ref"": ""E12:M12""}","{""origin"": ""E12"", ""formula"": ""SUM(E10:E11)"", ""ref"": ""E12:M12""}"
HIC,reporting/bscr/reconcile/filled in templates/2026 BSCR - UKEU - HIC v2.xlsx,reporting/bscr/reconcile/2026 BSCR - UKEU - HIC.xlsx,Schedule X(f),J19,121704907.469478,164297,,
HIC,reporting/bscr/reconcile/filled in templates/2026 BSCR - UKEU - HIC v2.xlsx,reporting/bscr/reconcile/2026 BSCR - UKEU - HIC.xlsx,Schedule X(f),J20,15332.806399999899,23,,
HIC,reporting/bscr/reconcile/filled in templates/2026 BSCR - UKEU - HIC v2.xlsx,reporting/bscr/reconcile/2026 BSCR - UKEU - HIC.xlsx,Schedule X(f),J21,121720240.275878,164320,"{""origin"": ""E21"", ""formula"": ""SUM(E19:E20)"", ""ref"": ""E21:M21""}","{""origin"": ""E21"", ""formula"": ""SUM(E19:E20)"", ""ref"": ""E21:M21""}"
HIC,reporting/bscr/reconcile/filled in templates/2026 BSCR - UKEU - HIC v2.xlsx,reporting/bscr/reconcile/2026 BSCR - UKEU - HIC.xlsx,Schedule X(f),J28,121704907.469478,164296,,
HIC,reporting/bscr/reconcile/filled in templates/2026 BSCR - UKEU - HIC v2.xlsx,reporting/bscr/reconcile/2026 BSCR - UKEU - HIC.xlsx,Schedule X(f),J29,,1,,
HIC,reporting/bscr/reconcile/filled in templates/2026 BSCR - UKEU - HIC v2.xlsx,reporting/bscr/reconcile/2026 BSCR - UKEU - HIC.xlsx,Schedule X(f),J33,121704907.469478,164297,"{""origin"": ""E33"", ""formula"": ""SUM(E28:E32)"", ""ref"": ""E33:M33""}","{""origin"": ""E33"", ""formula"": ""SUM(E28:E32)"", ""ref"": ""E33:M33""}"
HIC,reporting/bscr/reconcile/filled in templates/2026 BSCR - UKEU - HIC v2.xlsx,reporting/bscr/reconcile/2026 BSCR - UKEU - HIC.xlsx,Schedule X(f),J43,15332.806399999899,20,,
HIC,reporting/bscr/reconcile/filled in templates/2026 BSCR - UKEU - HIC v2.xlsx,reporting/bscr/reconcile/2026 BSCR - UKEU - HIC.xlsx,Schedule X(f),J44,,0,,
HIC,reporting/bscr/reconcile/filled in templates/2026 BSCR - UKEU - HIC v2.xlsx,reporting/bscr/reconcile/2026 BSCR - UKEU - HIC.xlsx,Schedule X(f),J45,,2,,
HIC,reporting/bscr/reconcile/filled in templates/2026 BSCR - UKEU - HIC v2.xlsx,reporting/bscr/reconcile/2026 BSCR - UKEU - HIC.xlsx,Schedule X(f),J46,15332.806399999899,22,"{""origin"": ""E46"", ""formula"": ""SUM(E43:E45)"", ""ref"": ""E46:M46""}","{""origin"": ""E46"", ""formula"": ""SUM(E43:E45)"", ""ref"": ""E46:M46""}"
HIC,reporting/bscr/reconcile/filled in templates/2026 BSCR - UKEU - HIC v2.xlsx,reporting/bscr/reconcile/2026 BSCR - UKEU - HIC.xlsx,Schedule X(f),J60,15332.806399999899,0,,
HIC,reporting/bscr/reconcile/filled in templates/2026 BSCR - UKEU - HIC v2.xlsx,reporting/bscr/reconcile/2026 BSCR - UKEU - HIC.xlsx,Schedule X(f),J61,,2.8992994200000002,,
HIC,reporting/bscr/reconcile/filled in templates/2026 BSCR - UKEU - HIC v2.xlsx,reporting/bscr/reconcile/2026 BSCR - UKEU - HIC.xlsx,Schedule X(f),J62,,0,,
HIC,reporting/bscr/reconcile/filled in templates/2026 BSCR - UKEU - HIC v2.xlsx,reporting/bscr/reconcile/2026 BSCR - UKEU - HIC.xlsx,Schedule X(f),J63,,0,,
HIC,reporting/bscr/reconcile/filled in templates/2026 BSCR - UKEU - HIC v2.xlsx,reporting/bscr/reconcile/2026 BSCR - UKEU - HIC.xlsx,Schedule X(f),J64,15332.806399999899,2.8992994200000002,"{""origin"": ""E64"", ""formula"": ""SUM(E60:E63)"", ""ref"": ""E64:M64""}","{""origin"": ""E64"", ""formula"": ""SUM(E60:E63)"", ""ref"": ""E64:M64""}"
HIC,reporting/bscr/reconcile/filled in templates/2026 BSCR - UKEU - HIC v2.xlsx,reporting/bscr/reconcile/2026 BSCR - UKEU - HIC.xlsx,Schedule X(f),K10,173658,173682,H10+E10,H10+E10
HIC,reporting/bscr/reconcile/filled in templates/2026 BSCR - UKEU - HIC v2.xlsx,reporting/bscr/reconcile/2026 BSCR - UKEU - HIC.xlsx,Schedule X(f),K11,29,5,"{""origin"": ""K10"", ""formula"": ""H10+E10"", ""ref"": ""K10:M11""}","{""origin"": ""K10"", ""formula"": ""H10+E10"", ""ref"": ""K10:M11""}"
HIC,reporting/bscr/reconcile/filled in templates/2026 BSCR - UKEU - HIC v2.xlsx,reporting/bscr/reconcile/2026 BSCR - UKEU - HIC.xlsx,Schedule X(f),K19,173658,173645,H19+E19,H19+E19
HIC,reporting/bscr/reconcile/filled in templates/2026 BSCR - UKEU - HIC v2.xlsx,reporting/bscr/reconcile/2026 BSCR - UKEU - HIC.xlsx,Schedule X(f),K20,29,37,"{""origin"": ""K19"", ""formula"": ""H19+E19"", ""ref"": ""K19:L21""}","{""origin"": ""K19"", ""formula"": ""H19+E19"", ""ref"": ""K19:L21""}"
HIC,reporting/bscr/reconcile/filled in templates/2026 BSCR - UKEU - HIC v2.xlsx,reporting/bscr/reconcile/2026 BSCR - UKEU - HIC.xlsx,Schedule X(f),K21,173687,173682,"{""origin"": ""K19"", ""formula"": ""H19+E19"", ""ref"": ""K19:L21""}","{""origin"": ""K19"", ""formula"": ""H19+E19"", ""ref"": ""K19:L21""}"
HIC,reporting/bscr/reconcile/filled in templates/2026 BSCR - UKEU - HIC v2.xlsx,reporting/bscr/reconcile/2026 BSCR - UKEU - HIC.xlsx,Schedule X(f),K28,173658,173607,H28+E28,H28+E28
HIC,reporting/bscr/reconcile/filled in templates/2026 BSCR - UKEU - HIC v2.xlsx,reporting/bscr/reconcile/2026 BSCR - UKEU - HIC.xlsx,Schedule X(f),K29,0,38,"{""origin"": ""K28"", ""formula"": ""H28+E28"", ""ref"": ""K28:L32""}","{""origin"": ""K28"", ""formula"": ""H28+E28"", ""ref"": ""K28:L32""}"
HIC,reporting/bscr/reconcile/filled in templates/2026 BSCR - UKEU - HIC v2.xlsx,reporting/bscr/reconcile/2026 BSCR - UKEU - HIC.xlsx,Schedule X(f),K33,173658,173645,"{""origin"": ""E33"", ""formula"": ""SUM(E28:E32)"", ""ref"": ""E33:M33""}","{""origin"": ""E33"", ""formula"": ""SUM(E28:E32)"", ""ref"": ""E33:M33""}"
HIC,reporting/bscr/reconcile/filled in templates/2026 BSCR - UKEU - HIC v2.xlsx,reporting/bscr/reconcile/2026 BSCR - UKEU - HIC.xlsx,Schedule X(f),K43,29,26,H43+E43,H43+E43
HIC,reporting/bscr/reconcile/filled in templates/2026 BSCR - UKEU - HIC v2.xlsx,reporting/bscr/reconcile/2026 BSCR - UKEU - HIC.xlsx,Schedule X(f),K45,0,11,"{""origin"": ""K43"", ""formula"": ""H43+E43"", ""ref"": ""K43:L45""}","{""origin"": ""K43"", ""formula"": ""H43+E43"", ""ref"": ""K43:L45""}"
HIC,reporting/bscr/reconcile/filled in templates/2026 BSCR - UKEU - HIC v2.xlsx,reporting/bscr/reconcile/2026 BSCR - UKEU - HIC.xlsx,Schedule X(f),K46,29,37,"{""origin"": ""E46"", ""formula"": ""SUM(E43:E45)"", ""ref"": ""E46:M46""}","{""origin"": ""E46"", ""formula"": ""SUM(E43:E45)"", ""ref"": ""E46:M46""}"
HIC,reporting/bscr/reconcile/filled in templates/2026 BSCR - UKEU - HIC v2.xlsx,reporting/bscr/reconcile/2026 BSCR - UKEU - HIC.xlsx,Schedule X(f),K60,29,0,H60+E60,H60+E60
HIC,reporting/bscr/reconcile/filled in templates/2026 BSCR - UKEU - HIC v2.xlsx,reporting/bscr/reconcile/2026 BSCR - UKEU - HIC.xlsx,Schedule X(f),K61,0,5,"{""origin"": ""K60"", ""formula"": ""H60+E60"", ""ref"": ""K60:L63""}","{""origin"": ""K60"", ""formula"": ""H60+E60"", ""ref"": ""K60:L63""}"
HIC,reporting/bscr/reconcile/filled in templates/2026 BSCR - UKEU - HIC v2.xlsx,reporting/bscr/reconcile/2026 BSCR - UKEU - HIC.xlsx,Schedule X(f),K64,29,5,"{""origin"": ""E64"", ""formula"": ""SUM(E60:E63)"", ""ref"": ""E64:M64""}","{""origin"": ""E64"", ""formula"": ""SUM(E60:E63)"", ""ref"": ""E64:M64""}"
HIC,reporting/bscr/reconcile/filled in templates/2026 BSCR - UKEU - HIC v2.xlsx,reporting/bscr/reconcile/2026 BSCR - UKEU - HIC.xlsx,Schedule X(f),L10,121727653.50347799,164351,"{""origin"": ""K10"", ""formula"": ""H10+E10"", ""ref"": ""K10:M11""}","{""origin"": ""K10"", ""formula"": ""H10+E10"", ""ref"": ""K10:M11""}"
HIC,reporting/bscr/reconcile/filled in templates/2026 BSCR - UKEU - HIC v2.xlsx,reporting/bscr/reconcile/2026 BSCR - UKEU - HIC.xlsx,Schedule X(f),L11,15433.806399999899,3,"{""origin"": ""K10"", ""formula"": ""H10+E10"", ""ref"": ""K10:M11""}","{""origin"": ""K10"", ""formula"": ""H10+E10"", ""ref"": ""K10:M11""}"
HIC,reporting/bscr/reconcile/filled in templates/2026 BSCR - UKEU - HIC v2.xlsx,reporting/bscr/reconcile/2026 BSCR - UKEU - HIC.xlsx,Schedule X(f),L12,121743087.30987799,164354,I12+F12,I12+F12
HIC,reporting/bscr/reconcile/filled in templates/2026 BSCR - UKEU - HIC v2.xlsx,reporting/bscr/reconcile/2026 BSCR - UKEU - HIC.xlsx,Schedule X(f),L19,121727653.50347799,164328,"{""origin"": ""K19"", ""formula"": ""H19+E19"", ""ref"": ""K19:L21""}","{""origin"": ""K19"", ""formula"": ""H19+E19"", ""ref"": ""K19:L21""}"
HIC,reporting/bscr/reconcile/filled in templates/2026 BSCR - UKEU - HIC v2.xlsx,reporting/bscr/reconcile/2026 BSCR - UKEU - HIC.xlsx,Schedule X(f),L20,15433.806399999899,23,"{""origin"": ""K19"", ""formula"": ""H19+E19"", ""ref"": ""K19:L21""}","{""origin"": ""K19"", ""formula"": ""H19+E19"", ""ref"": ""K19:L21""}"
HIC,reporting/bscr/reconcile/filled in templates/2026 BSCR - UKEU - HIC v2.xlsx,reporting/bscr/reconcile/2026 BSCR - UKEU - HIC.xlsx,Schedule X(f),L21,121743087.30987799,164351,"{""origin"": ""K19"", ""formula"": ""H19+E19"", ""ref"": ""K19:L21""}","{""origin"": ""K19"", ""formula"": ""H19+E19"", ""ref"": ""K19:L21""}"
HIC,reporting/bscr/reconcile/filled in templates/2026 BSCR - UKEU - HIC v2.xlsx,reporting/bscr/reconcile/2026 BSCR - UKEU - HIC.xlsx,Schedule X(f),L28,121727653.50347799,164296,"{""origin"": ""K28"", ""formula"": ""H28+E28"", ""ref"": ""K28:L32""}","{""origin"": ""K28"", ""formula"": ""H28+E28"", ""ref"": ""K28:L32""}"
HIC,reporting/bscr/reconcile/filled in templates/2026 BSCR - UKEU - HIC v2.xlsx,reporting/bscr/reconcile/2026 BSCR - UKEU - HIC.xlsx,Schedule X(f),L29,0,31.7071459,"{""origin"": ""K28"", ""formula"": ""H28+E28"", ""ref"": ""K28:L32""}","{""origin"": ""K28"", ""formula"": ""H28+E28"", ""ref"": ""K28:L32""}"
HIC,reporting/bscr/reconcile/filled in templates/2026 BSCR - UKEU - HIC v2.xlsx,reporting/bscr/reconcile/2026 BSCR - UKEU - HIC.xlsx,Schedule X(f),L33,121727653.50347799,164327.7071459,I33+F33,I33+F33
HIC,reporting/bscr/reconcile/filled in templates/2026 BSCR - UKEU - HIC v2.xlsx,reporting/bscr/reconcile/2026 BSCR - UKEU - HIC.xlsx,Schedule X(f),L43,15433.806399999899,20,"{""origin"": ""K43"", ""formula"": ""H43+E43"", ""ref"": ""K43:L45""}","{""origin"": ""K43"", ""formula"": ""H43+E43"", ""ref"": ""K43:L45""}"
HIC,reporting/bscr/reconcile/filled in templates/2026 BSCR - UKEU - HIC v2.xlsx,reporting/bscr/reconcile/2026 BSCR - UKEU - HIC.xlsx,Schedule X(f),L45,0,2,"{""origin"": ""K43"", ""formula"": ""H43+E43"", ""ref"": ""K43:L45""}","{""origin"": ""K43"", ""formula"": ""H43+E43"", ""ref"": ""K43:L45""}"
HIC,reporting/bscr/reconcile/filled in templates/2026 BSCR - UKEU - HIC v2.xlsx,reporting/bscr/reconcile/2026 BSCR - UKEU - HIC.xlsx,Schedule X(f),L46,15433.806399999899,22,I46+F46,I46+F46
HIC,reporting/bscr/reconcile/filled in templates/2026 BSCR - UKEU - HIC v2.xlsx,reporting/bscr/reconcile/2026 BSCR - UKEU - HIC.xlsx,Schedule X(f),L60,15433.806399999899,0,"{""origin"": ""K60"", ""formula"": ""H60+E60"", ""ref"": ""K60:L63""}","{""origin"": ""K60"", ""formula"": ""H60+E60"", ""ref"": ""K60:L63""}"
HIC,reporting/bscr/reconcile/filled in templates/2026 BSCR - UKEU - HIC v2.xlsx,reporting/bscr/reconcile/2026 BSCR - UKEU - HIC.xlsx,Schedule X(f),L61,0,2.8992994200000002,"{""origin"": ""K60"", ""formula"": ""H60+E60"", ""ref"": ""K60:L63""}","{""origin"": ""K60"", ""formula"": ""H60+E60"", ""ref"": ""K60:L63""}"
HIC,reporting/bscr/reconcile/filled in templates/2026 BSCR - UKEU - HIC v2.xlsx,reporting/bscr/reconcile/2026 BSCR - UKEU - HIC.xlsx,Schedule X(f),L64,15433.806399999899,2.8992994200000002,I64+F64,I64+F64
HIC,reporting/bscr/reconcile/filled in templates/2026 BSCR - UKEU - HIC v2.xlsx,reporting/bscr/reconcile/2026 BSCR - UKEU - HIC.xlsx,Schedule X(f),M10,121727653.50347799,164351,"{""origin"": ""K10"", ""formula"": ""H10+E10"", ""ref"": ""K10:M11""}","{""origin"": ""K10"", ""formula"": ""H10+E10"", ""ref"": ""K10:M11""}"
HIC,reporting/bscr/reconcile/filled in templates/2026 BSCR - UKEU - HIC v2.xlsx,reporting/bscr/reconcile/2026 BSCR - UKEU - HIC.xlsx,Schedule X(f),M11,15433.806399999899,3,"{""origin"": ""K10"", ""formula"": ""H10+E10"", ""ref"": ""K10:M11""}","{""origin"": ""K10"", ""formula"": ""H10+E10"", ""ref"": ""K10:M11""}"
HIC,reporting/bscr/reconcile/filled in templates/2026 BSCR - UKEU - HIC v2.xlsx,reporting/bscr/reconcile/2026 BSCR - UKEU - HIC.xlsx,Schedule X(f),M12,121743087.30987799,164354,"{""origin"": ""E12"", ""formula"": ""SUM(E10:E11)"", ""ref"": ""E12:M12""}","{""origin"": ""E12"", ""formula"": ""SUM(E10:E11)"", ""ref"": ""E12:M12""}"
HIC,reporting/bscr/reconcile/filled in templates/2026 BSCR - UKEU - HIC v2.xlsx,reporting/bscr/reconcile/2026 BSCR - UKEU - HIC.xlsx,Schedule X(f),M19,121727653.50347799,164328,J19+G19,J19+G19
HIC,reporting/bscr/reconcile/filled in templates/2026 BSCR - UKEU - HIC v2.xlsx,reporting/bscr/reconcile/2026 BSCR - UKEU - HIC.xlsx,Schedule X(f),M20,15433.806399999899,23,J20+G20,J20+G20
HIC,reporting/bscr/reconcile/filled in templates/2026 BSCR - UKEU - HIC v2.xlsx,reporting/bscr/reconcile/2026 BSCR - UKEU - HIC.xlsx,Schedule X(f),M21,121743087.30987799,164351,"{""origin"": ""E21"", ""formula"": ""SUM(E19:E20)"", ""ref"": ""E21:M21""}","{""origin"": ""E21"", ""formula"": ""SUM(E19:E20)"", ""ref"": ""E21:M21""}"
HIC,reporting/bscr/reconcile/filled in templates/2026 BSCR - UKEU - HIC v2.xlsx,reporting/bscr/reconcile/2026 BSCR - UKEU - HIC.xlsx,Schedule X(f),M28,121727653.50347799,164296,J28+G28,J28+G28
HIC,reporting/bscr/reconcile/filled in templates/2026 BSCR - UKEU - HIC v2.xlsx,reporting/bscr/reconcile/2026 BSCR - UKEU - HIC.xlsx,Schedule X(f),M29,0,31.7071459,J29+G29,J29+G29
HIC,reporting/bscr/reconcile/filled in templates/2026 BSCR - UKEU - HIC v2.xlsx,reporting/bscr/reconcile/2026 BSCR - UKEU - HIC.xlsx,Schedule X(f),M33,121727653.50347799,164327.7071459,"{""origin"": ""E33"", ""formula"": ""SUM(E28:E32)"", ""ref"": ""E33:M33""}","{""origin"": ""E33"", ""formula"": ""SUM(E28:E32)"", ""ref"": ""E33:M33""}"
HIC,reporting/bscr/reconcile/filled in templates/2026 BSCR - UKEU - HIC v2.xlsx,reporting/bscr/reconcile/2026 BSCR - UKEU - HIC.xlsx,Schedule X(f),M43,15433.806399999899,20,J43+G43,J43+G43
HIC,reporting/bscr/reconcile/filled in templates/2026 BSCR - UKEU - HIC v2.xlsx,reporting/bscr/reconcile/2026 BSCR - UKEU - HIC.xlsx,Schedule X(f),M45,0,2,J45+G45,J45+G45
HIC,reporting/bscr/reconcile/filled in templates/2026 BSCR - UKEU - HIC v2.xlsx,reporting/bscr/reconcile/2026 BSCR - UKEU - HIC.xlsx,Schedule X(f),M46,15433.806399999899,22,"{""origin"": ""E46"", ""formula"": ""SUM(E43:E45)"", ""ref"": ""E46:M46""}","{""origin"": ""E46"", ""formula"": ""SUM(E43:E45)"", ""ref"": ""E46:M46""}"
HIC,reporting/bscr/reconcile/filled in templates/2026 BSCR - UKEU - HIC v2.xlsx,reporting/bscr/reconcile/2026 BSCR - UKEU - HIC.xlsx,Schedule X(f),M60,15433.806399999899,0,J60+G60,J60+G60
HIC,reporting/bscr/reconcile/filled in templates/2026 BSCR - UKEU - HIC v2.xlsx,reporting/bscr/reconcile/2026 BSCR - UKEU - HIC.xlsx,Schedule X(f),M61,0,2.8992994200000002,J61+G61,J61+G61
HIC,reporting/bscr/reconcile/filled in templates/2026 BSCR - UKEU - HIC v2.xlsx,reporting/bscr/reconcile/2026 BSCR - UKEU - HIC.xlsx,Schedule X(f),M64,15433.806399999899,2.8992994200000002,"{""origin"": ""E64"", ""formula"": ""SUM(E60:E63)"", ""ref"": ""E64:M64""}","{""origin"": ""E64"", ""formula"": ""SUM(E60:E63)"", ""ref"": ""E64:M64""}"
HIG,reporting/bscr/reconcile/filled in templates/2026 BSCR - UKEU - HIG.xlsx,reporting/bscr/reconcile/filled in templates/2026 BSCR - UKEU - HIG v2.xlsx,Schedule X(a),E25,7349944.8322560899,7347517.2142083505,,
HIG,reporting/bscr/reconcile/filled in templates/2026 BSCR - UKEU - HIG.xlsx,reporting/bscr/reconcile/filled in templates/2026 BSCR - UKEU - HIG v2.xlsx,Schedule X(a),E26,,699027.30474033591,,
HIG,reporting/bscr/reconcile/filled in templates/2026 BSCR - UKEU - HIG.xlsx,reporting/bscr/reconcile/filled in templates/2026 BSCR - UKEU - HIG v2.xlsx,Schedule X(a),J25,5833901.1744010197,5831772.7773838798,,
HIG,reporting/bscr/reconcile/filled in templates/2026 BSCR - UKEU - HIG.xlsx,reporting/bscr/reconcile/filled in templates/2026 BSCR - UKEU - HIG v2.xlsx,Schedule X(a),J26,,406962.151025459,,
HIG,reporting/bscr/reconcile/filled in templates/2026 BSCR - UKEU - HIG.xlsx,reporting/bscr/reconcile/filled in templates/2026 BSCR - UKEU - HIG v2.xlsx,Schedule X(b),E27,7349944.8322560899,7347517.2142083505,,
HIG,reporting/bscr/reconcile/filled in templates/2026 BSCR - UKEU - HIG.xlsx,reporting/bscr/reconcile/filled in templates/2026 BSCR - UKEU - HIG v2.xlsx,Schedule X(b),E28,0,699027.30474033591,[3]Import!G4102,
HIG,reporting/bscr/reconcile/filled in templates/2026 BSCR - UKEU - HIG.xlsx,reporting/bscr/reconcile/filled in templates/2026 BSCR - UKEU - HIG v2.xlsx,Schedule X(b),J27,5833901.1744010197,5831772.7773838798,,
HIG,reporting/bscr/reconcile/filled in templates/2026 BSCR - UKEU - HIG.xlsx,reporting/bscr/reconcile/filled in templates/2026 BSCR - UKEU - HIG v2.xlsx,Schedule X(b),J28,0,406962.151025459,[3]Import!G4113,
HIG,reporting/bscr/reconcile/filled in templates/2026 BSCR - UKEU - HIG.xlsx,reporting/bscr/reconcile/filled in templates/2026 BSCR - UKEU - HIG v2.xlsx,Schedule X(c),E27,299151.86557664699,315600.75100663339,,
HIG,reporting/bscr/reconcile/filled in templates/2026 BSCR - UKEU - HIG.xlsx,reporting/bscr/reconcile/filled in templates/2026 BSCR - UKEU - HIG v2.xlsx,Schedule X(c),E71,2860714.84360022,3070040.9810436112,,
HIG,reporting/bscr/reconcile/filled in templates/2026 BSCR - UKEU - HIG.xlsx,reporting/bscr/reconcile/filled in templates/2026 BSCR - UKEU - HIG v2.xlsx,Schedule X(c),F27,257947.869350997,274396.75478098344,,
HIG,reporting/bscr/reconcile/filled in templates/2026 BSCR - UKEU - HIG.xlsx,reporting/bscr/reconcile/filled in templates/2026 BSCR - UKEU - HIG v2.xlsx,Schedule X(c),F71,2194179.4101039399,2306243.7270536269,,
HIG,reporting/bscr/reconcile/filled in templates/2026 BSCR - UKEU - HIG.xlsx,reporting/bscr/reconcile/filled in templates/2026 BSCR - UKEU - HIG v2.xlsx,Schedule X(f),E10,228,227,,
HIG,reporting/bscr/reconcile/filled in templates/2026 BSCR - UKEU - HIG.xlsx,reporting/bscr/reconcile/filled in templates/2026 BSCR - UKEU - HIG v2.xlsx,Schedule X(f),E11,,20,,
HIG,reporting/bscr/reconcile/filled in templates/2026 BSCR - UKEU - HIG.xlsx,reporting/bscr/reconcile/filled in templates/2026 BSCR - UKEU - HIG v2.xlsx,Schedule X(f),E12,228,247,SUM(E10:E11),SUM(E10:E11)
HIG,reporting/bscr/reconcile/filled in templates/2026 BSCR - UKEU - HIG.xlsx,reporting/bscr/reconcile/filled in templates/2026 BSCR - UKEU - HIG v2.xlsx,Schedule X(f),E19,228,227,,
HIG,reporting/bscr/reconcile/filled in templates/2026 BSCR - UKEU - HIG.xlsx,reporting/bscr/reconcile/filled in templates/2026 BSCR - UKEU - HIG v2.xlsx,Schedule X(f),E20,,20,,
HIG,reporting/bscr/reconcile/filled in templates/2026 BSCR - UKEU - HIG.xlsx,reporting/bscr/reconcile/filled in templates/2026 BSCR - UKEU - HIG v2.xlsx,Schedule X(f),E21,228,247,SUM(E19:E20),SUM(E19:E20)
HIG,reporting/bscr/reconcile/filled in templates/2026 BSCR - UKEU - HIG.xlsx,reporting/bscr/reconcile/filled in templates/2026 BSCR - UKEU - HIG v2.xlsx,Schedule X(f),E28,228,227,,
HIG,reporting/bscr/reconcile/filled in templates/2026 BSCR - UKEU - HIG.xlsx,reporting/bscr/reconcile/filled in templates/2026 BSCR - UKEU - HIG v2.xlsx,Schedule X(f),E33,228,227,SUM(E28:E32),SUM(E28:E32)
HIG,reporting/bscr/reconcile/filled in templates/2026 BSCR - UKEU - HIG.xlsx,reporting/bscr/reconcile/filled in templates/2026 BSCR - UKEU - HIG v2.xlsx,Schedule X(f),E43,,20,,
HIG,reporting/bscr/reconcile/filled in templates/2026 BSCR - UKEU - HIG.xlsx,reporting/bscr/reconcile/filled in templates/2026 BSCR - UKEU - HIG v2.xlsx,Schedule X(f),E46,0,20,SUM(E43:E45),SUM(E43:E45)
HIG,reporting/bscr/reconcile/filled in templates/2026 BSCR - UKEU - HIG.xlsx,reporting/bscr/reconcile/filled in templates/2026 BSCR - UKEU - HIG v2.xlsx,Schedule X(f),E60,,20,,
HIG,reporting/bscr/reconcile/filled in templates/2026 BSCR - UKEU - HIG.xlsx,reporting/bscr/reconcile/filled in templates/2026 BSCR - UKEU - HIG v2.xlsx,Schedule X(f),E64,0,20,SUM(E60:E63),SUM(E60:E63)
HIG,reporting/bscr/reconcile/filled in templates/2026 BSCR - UKEU - HIG.xlsx,reporting/bscr/reconcile/filled in templates/2026 BSCR - UKEU - HIG v2.xlsx,Schedule X(f),F10,906614.44092047005,906507.55461050791,,
HIG,reporting/bscr/reconcile/filled in templates/2026 BSCR - UKEU - HIG.xlsx,reporting/bscr/reconcile/filled in templates/2026 BSCR - UKEU - HIG v2.xlsx,Schedule X(f),F11,,175292.598767708,,
HIG,reporting/bscr/reconcile/filled in templates/2026 BSCR - UKEU - HIG.xlsx,reporting/bscr/reconcile/filled in templates/2026 BSCR - UKEU - HIG v2.xlsx,Schedule X(f),F12,906614.44092047005,1081800.1533782159,"{""origin"": ""E12"", ""formula"": ""SUM(E10:E11)"", ""ref"": ""E12:M12""}","{""origin"": ""E12"", ""formula"": ""SUM(E10:E11)"", ""ref"": ""E12:M12""}"
HIG,reporting/bscr/reconcile/filled in templates/2026 BSCR - UKEU - HIG.xlsx,reporting/bscr/reconcile/filled in templates/2026 BSCR - UKEU - HIG v2.xlsx,Schedule X(f),F19,906614.44092047005,906507.55461050791,,
HIG,reporting/bscr/reconcile/filled in templates/2026 BSCR - UKEU - HIG.xlsx,reporting/bscr/reconcile/filled in templates/2026 BSCR - UKEU - HIG v2.xlsx,Schedule X(f),F20,,175292.598767708,,
HIG,reporting/bscr/reconcile/filled in templates/2026 BSCR - UKEU - HIG.xlsx,reporting/bscr/reconcile/filled in templates/2026 BSCR - UKEU - HIG v2.xlsx,Schedule X(f),F21,906614.44092047005,1081800.1533782159,"{""origin"": ""E21"", ""formula"": ""SUM(E19:E20)"", ""ref"": ""E21:M21""}","{""origin"": ""E21"", ""formula"": ""SUM(E19:E20)"", ""ref"": ""E21:M21""}"
HIG,reporting/bscr/reconcile/filled in templates/2026 BSCR - UKEU - HIG.xlsx,reporting/bscr/reconcile/filled in templates/2026 BSCR - UKEU - HIG v2.xlsx,Schedule X(f),F28,906614.44092047005,906507.55461050791,,
HIG,reporting/bscr/reconcile/filled in templates/2026 BSCR - UKEU - HIG.xlsx,reporting/bscr/reconcile/filled in templates/2026 BSCR - UKEU - HIG v2.xlsx,Schedule X(f),F33,906614.44092047005,906507.55461050791,"{""origin"": ""E33"", ""formula"": ""SUM(E28:E32)"", ""ref"": ""E33:M33""}","{""origin"": ""E33"", ""formula"": ""SUM(E28:E32)"", ""ref"": ""E33:M33""}"
HIG,reporting/bscr/reconcile/filled in templates/2026 BSCR - UKEU - HIG.xlsx,reporting/bscr/reconcile/filled in templates/2026 BSCR - UKEU - HIG v2.xlsx,Schedule X(f),F43,,175292.598767708,,
HIG,reporting/bscr/reconcile/filled in templates/2026 BSCR - UKEU - HIG.xlsx,reporting/bscr/reconcile/filled in templates/2026 BSCR - UKEU - HIG v2.xlsx,Schedule X(f),F46,0,175292.598767708,"{""origin"": ""E46"", ""formula"": ""SUM(E43:E45)"", ""ref"": ""E46:M46""}","{""origin"": ""E46"", ""formula"": ""SUM(E43:E45)"", ""ref"": ""E46:M46""}"
HIG,reporting/bscr/reconcile/filled in templates/2026 BSCR - UKEU - HIG.xlsx,reporting/bscr/reconcile/filled in templates/2026 BSCR - UKEU - HIG v2.xlsx,Schedule X(f),F60,,175292.598767708,,
HIG,reporting/bscr/reconcile/filled in templates/2026 BSCR - UKEU - HIG.xlsx,reporting/bscr/reconcile/filled in templates/2026 BSCR - UKEU - HIG v2.xlsx,Schedule X(f),F64,0,175292.598767708,"{""origin"": ""E64"", ""formula"": ""SUM(E60:E63)"", ""ref"": ""E64:M64""}","{""origin"": ""E64"", ""formula"": ""SUM(E60:E63)"", ""ref"": ""E64:M64""}"
HIG,reporting/bscr/reconcile/filled in templates/2026 BSCR - UKEU - HIG.xlsx,reporting/bscr/reconcile/filled in templates/2026 BSCR - UKEU - HIG v2.xlsx,Schedule X(f),G10,666646.19870971597,666539.31239975407,,
HIG,reporting/bscr/reconcile/filled in templates/2026 BSCR - UKEU - HIG.xlsx,reporting/bscr/reconcile/filled in templates/2026 BSCR - UKEU - HIG v2.xlsx,Schedule X(f),G11,,87273.963569168001,,
HIG,reporting/bscr/reconcile/filled in templates/2026 BSCR - UKEU - HIG.xlsx,reporting/bscr/reconcile/filled in templates/2026 BSCR - UKEU - HIG v2.xlsx,Schedule X(f),G12,666646.19870971597,753813.27596892207,"{""origin"": ""E12"", ""formula"": ""SUM(E10:E11)"", ""ref"": ""E12:M12""}","{""origin"": ""E12"", ""formula"": ""SUM(E10:E11)"", ""ref"": ""E12:M12""}"
HIG,reporting/bscr/reconcile/filled in templates/2026 BSCR - UKEU - HIG.xlsx,reporting/bscr/reconcile/filled in templates/2026 BSCR - UKEU - HIG v2.xlsx,Schedule X(f),G19,666646.19870971597,666539.31239975407,,
HIG,reporting/bscr/reconcile/filled in templates/2026 BSCR - UKEU - HIG.xlsx,reporting/bscr/reconcile/filled in templates/2026 BSCR - UKEU - HIG v2.xlsx,Schedule X(f),G20,,87273.963569168001,,
HIG,reporting/bscr/reconcile/filled in templates/2026 BSCR - UKEU - HIG.xlsx,reporting/bscr/reconcile/filled in templates/2026 BSCR - UKEU - HIG v2.xlsx,Schedule X(f),G21,666646.19870971597,753813.27596892207,"{""origin"": ""E21"", ""formula"": ""SUM(E19:E20)"", ""ref"": ""E21:M21""}","{""origin"": ""E21"", ""formula"": ""SUM(E19:E20)"", ""ref"": ""E21:M21""}"
HIG,reporting/bscr/reconcile/filled in templates/2026 BSCR - UKEU - HIG.xlsx,reporting/bscr/reconcile/filled in templates/2026 BSCR - UKEU - HIG v2.xlsx,Schedule X(f),G28,666646.19870971597,666539.31239975407,,
HIG,reporting/bscr/reconcile/filled in templates/2026 BSCR - UKEU - HIG.xlsx,reporting/bscr/reconcile/filled in templates/2026 BSCR - UKEU - HIG v2.xlsx,Schedule X(f),G33,666646.19870971597,666539.31239975407,"{""origin"": ""E33"", ""formula"": ""SUM(E28:E32)"", ""ref"": ""E33:M33""}","{""origin"": ""E33"", ""formula"": ""SUM(E28:E32)"", ""ref"": ""E33:M33""}"
HIG,reporting/bscr/reconcile/filled in templates/2026 BSCR - UKEU - HIG.xlsx,reporting/bscr/reconcile/filled in templates/2026 BSCR - UKEU - HIG v2.xlsx,Schedule X(f),G43,,87273.963569168001,,
HIG,reporting/bscr/reconcile/filled in templates/2026 BSCR - UKEU - HIG.xlsx,reporting/bscr/reconcile/filled in templates/2026 BSCR - UKEU - HIG v2.xlsx,Schedule X(f),G46,0,87273.963569168001,"{""origin"": ""E46"", ""formula"": ""SUM(E43:E45)"", ""ref"": ""E46:M46""}","{""origin"": ""E46"", ""formula"": ""SUM(E43:E45)"", ""ref"": ""E46:M46""}"
HIG,reporting/bscr/reconcile/filled in templates/2026 BSCR - UKEU - HIG.xlsx,reporting/bscr/reconcile/filled in templates/2026 BSCR - UKEU - HIG v2.xlsx,Schedule X(f),G60,,87273.963569168001,,
HIG,reporting/bscr/reconcile/filled in templates/2026 BSCR - UKEU - HIG.xlsx,reporting/bscr/reconcile/filled in templates/2026 BSCR - UKEU - HIG v2.xlsx,Schedule X(f),G64,0,87273.963569168001,"{""origin"": ""E64"", ""formula"": ""SUM(E60:E63)"", ""ref"": ""E64:M64""}","{""origin"": ""E64"", ""formula"": ""SUM(E60:E63)"", ""ref"": ""E64:M64""}"
HIG,reporting/bscr/reconcile/filled in templates/2026 BSCR - UKEU - HIG.xlsx,reporting/bscr/reconcile/filled in templates/2026 BSCR - UKEU - HIG v2.xlsx,Schedule X(f),H10,1692,1688,,
HIG,reporting/bscr/reconcile/filled in templates/2026 BSCR - UKEU - HIG.xlsx,reporting/bscr/reconcile/filled in templates/2026 BSCR - UKEU - HIG v2.xlsx,Schedule X(f),H11,,35,,
HIG,reporting/bscr/reconcile/filled in templates/2026 BSCR - UKEU - HIG.xlsx,reporting/bscr/reconcile/filled in templates/2026 BSCR - UKEU - HIG v2.xlsx,Schedule X(f),H12,1692,1723,"{""origin"": ""E12"", ""formula"": ""SUM(E10:E11)"", ""ref"": ""E12:M12""}","{""origin"": ""E12"", ""formula"": ""SUM(E10:E11)"", ""ref"": ""E12:M12""}"
HIG,reporting/bscr/reconcile/filled in templates/2026 BSCR - UKEU - HIG.xlsx,reporting/bscr/reconcile/filled in templates/2026 BSCR - UKEU - HIG v2.xlsx,Schedule X(f),H19,1692,1688,,
HIG,reporting/bscr/reconcile/filled in templates/2026 BSCR - UKEU - HIG.xlsx,reporting/bscr/reconcile/filled in templates/2026 BSCR - UKEU - HIG v2.xlsx,Schedule X(f),H20,,35,,
HIG,reporting/bscr/reconcile/filled in templates/2026 BSCR - UKEU - HIG.xlsx,reporting/bscr/reconcile/filled in templates/2026 BSCR - UKEU - HIG v2.xlsx,Schedule X(f),H21,1692,1723,"{""origin"": ""E21"", ""formula"": ""SUM(E19:E20)"", ""ref"": ""E21:M21""}","{""origin"": ""E21"", ""formula"": ""SUM(E19:E20)"", ""ref"": ""E21:M21""}"
HIG,reporting/bscr/reconcile/filled in templates/2026 BSCR - UKEU - HIG.xlsx,reporting/bscr/reconcile/filled in templates/2026 BSCR - UKEU - HIG v2.xlsx,Schedule X(f),H28,1692,1688,,
HIG,reporting/bscr/reconcile/filled in templates/2026 BSCR - UKEU - HIG.xlsx,reporting/bscr/reconcile/filled in templates/2026 BSCR - UKEU - HIG v2.xlsx,Schedule X(f),H33,1692,1688,"{""origin"": ""E33"", ""formula"": ""SUM(E28:E32)"", ""ref"": ""E33:M33""}","{""origin"": ""E33"", ""formula"": ""SUM(E28:E32)"", ""ref"": ""E33:M33""}"
HIG,reporting/bscr/reconcile/filled in templates/2026 BSCR - UKEU - HIG.xlsx,reporting/bscr/reconcile/filled in templates/2026 BSCR - UKEU - HIG v2.xlsx,Schedule X(f),H43,,35,,
HIG,reporting/bscr/reconcile/filled in templates/2026 BSCR - UKEU - HIG.xlsx,reporting/bscr/reconcile/filled in templates/2026 BSCR - UKEU - HIG v2.xlsx,Schedule X(f),H46,0,35,"{""origin"": ""E46"", ""formula"": ""SUM(E43:E45)"", ""ref"": ""E46:M46""}","{""origin"": ""E46"", ""formula"": ""SUM(E43:E45)"", ""ref"": ""E46:M46""}"
HIG,reporting/bscr/reconcile/filled in templates/2026 BSCR - UKEU - HIG.xlsx,reporting/bscr/reconcile/filled in templates/2026 BSCR - UKEU - HIG v2.xlsx,Schedule X(f),H60,,35,,
HIG,reporting/bscr/reconcile/filled in templates/2026 BSCR - UKEU - HIG.xlsx,reporting/bscr/reconcile/filled in templates/2026 BSCR - UKEU - HIG v2.xlsx,Schedule X(f),H64,0,35,"{""origin"": ""E64"", ""formula"": ""SUM(E60:E63)"", ""ref"": ""E64:M64""}","{""origin"": ""E64"", ""formula"": ""SUM(E60:E63)"", ""ref"": ""E64:M64""}"
HIG,reporting/bscr/reconcile/filled in templates/2026 BSCR - UKEU - HIG.xlsx,reporting/bscr/reconcile/filled in templates/2026 BSCR - UKEU - HIG v2.xlsx,Schedule X(f),I10,6443330.3913356196,6441009.659597843,,
HIG,reporting/bscr/reconcile/filled in templates/2026 BSCR - UKEU - HIG.xlsx,reporting/bscr/reconcile/filled in templates/2026 BSCR - UKEU - HIG v2.xlsx,Schedule X(f),I11,,523734.70597262791,,
HIG,reporting/bscr/reconcile/filled in templates/2026 BSCR - UKEU - HIG.xlsx,reporting/bscr/reconcile/filled in templates/2026 BSCR - UKEU - HIG v2.xlsx,Schedule X(f),I12,6443330.3913356196,6964744.3655704707,"{""origin"": ""E12"", ""formula"": ""SUM(E10:E11)"", ""ref"": ""E12:M12""}","{""origin"": ""E12"", ""formula"": ""SUM(E10:E11)"", ""ref"": ""E12:M12""}"
HIG,reporting/bscr/reconcile/filled in templates/2026 BSCR - UKEU - HIG.xlsx,reporting/bscr/reconcile/filled in templates/2026 BSCR - UKEU - HIG v2.xlsx,Schedule X(f),I19,6443330.3913356196,6441009.659597843,,
HIG,reporting/bscr/reconcile/filled in templates/2026 BSCR - UKEU - HIG.xlsx,reporting/bscr/reconcile/filled in templates/2026 BSCR - UKEU - HIG v2.xlsx,Schedule X(f),I20,,523734.70597262791,,
HIG,reporting/bscr/reconcile/filled in templates/2026 BSCR - UKEU - HIG.xlsx,reporting/bscr/reconcile/filled in templates/2026 BSCR - UKEU - HIG v2.xlsx,Schedule X(f),I21,6443330.3913356196,6964744.3655704707,"{""origin"": ""E21"", ""formula"": ""SUM(E19:E20)"", ""ref"": ""E21:M21""}","{""origin"": ""E21"", ""formula"": ""SUM(E19:E20)"", ""ref"": ""E21:M21""}"
HIG,reporting/bscr/reconcile/filled in templates/2026 BSCR - UKEU - HIG.xlsx,reporting/bscr/reconcile/filled in templates/2026 BSCR - UKEU - HIG v2.xlsx,Schedule X(f),I28,6443330.3913356196,6441009.659597843,,
HIG,reporting/bscr/reconcile/filled in templates/2026 BSCR - UKEU - HIG.xlsx,reporting/bscr/reconcile/filled in templates/2026 BSCR - UKEU - HIG v2.xlsx,Schedule X(f),I33,6443330.3913356196,6441009.659597843,"{""origin"": ""E33"", ""formula"": ""SUM(E28:E32)"", ""ref"": ""E33:M33""}","{""origin"": ""E33"", ""formula"": ""SUM(E28:E32)"", ""ref"": ""E33:M33""}"
HIG,reporting/bscr/reconcile/filled in templates/2026 BSCR - UKEU - HIG.xlsx,reporting/bscr/reconcile/filled in templates/2026 BSCR - UKEU - HIG v2.xlsx,Schedule X(f),I43,,523734.70597262791,,
HIG,reporting/bscr/reconcile/filled in templates/2026 BSCR - UKEU - HIG.xlsx,reporting/bscr/reconcile/filled in templates/2026 BSCR - UKEU - HIG v2.xlsx,Schedule X(f),I46,0,523734.70597262791,"{""origin"": ""E46"", ""formula"": ""SUM(E43:E45)"", ""ref"": ""E46:M46""}","{""origin"": ""E46"", ""formula"": ""SUM(E43:E45)"", ""ref"": ""E46:M46""}"
HIG,reporting/bscr/reconcile/filled in templates/2026 BSCR - UKEU - HIG.xlsx,reporting/bscr/reconcile/filled in templates/2026 BSCR - UKEU - HIG v2.xlsx,Schedule X(f),I60,,523734.70597262791,,
HIG,reporting/bscr/reconcile/filled in templates/2026 BSCR - UKEU - HIG.xlsx,reporting/bscr/reconcile/filled in templates/2026 BSCR - UKEU - HIG v2.xlsx,Schedule X(f),I64,0,523734.70597262791,"{""origin"": ""E64"", ""formula"": ""SUM(E60:E63)"", ""ref"": ""E64:M64""}","{""origin"": ""E64"", ""formula"": ""SUM(E60:E63)"", ""ref"": ""E64:M64""}"
HIG,reporting/bscr/reconcile/filled in templates/2026 BSCR - UKEU - HIG.xlsx,reporting/bscr/reconcile/filled in templates/2026 BSCR - UKEU - HIG v2.xlsx,Schedule X(f),J10,5167254.9756913045,5165233.4649841255,,
HIG,reporting/bscr/reconcile/filled in templates/2026 BSCR - UKEU - HIG.xlsx,reporting/bscr/reconcile/filled in templates/2026 BSCR - UKEU - HIG v2.xlsx,Schedule X(f),J11,,319688.18745629099,,
HIG,reporting/bscr/reconcile/filled in templates/2026 BSCR - UKEU - HIG.xlsx,reporting/bscr/reconcile/filled in templates/2026 BSCR - UKEU - HIG v2.xlsx,Schedule X(f),J12,5167254.9756913045,5484921.6524404166,"{""origin"": ""E12"", ""formula"": ""SUM(E10:E11)"", ""ref"": ""E12:M12""}","{""origin"": ""E12"", ""formula"": ""SUM(E10:E11)"", ""ref"": ""E12:M12""}"
HIG,reporting/bscr/reconcile/filled in templates/2026 BSCR - UKEU - HIG.xlsx,reporting/bscr/reconcile/filled in templates/2026 BSCR - UKEU - HIG v2.xlsx,Schedule X(f),J19,5167254.9756913045,5165233.4649841255,,
HIG,reporting/bscr/reconcile/filled in templates/2026 BSCR - UKEU - HIG.xlsx,reporting/bscr/reconcile/filled in templates/2026 BSCR - UKEU - HIG v2.xlsx,Schedule X(f),J20,,319688.18745629099,,
HIG,reporting/bscr/reconcile/filled in templates/2026 BSCR - UKEU - HIG.xlsx,reporting/bscr/reconcile/filled in templates/2026 BSCR - UKEU - HIG v2.xlsx,Schedule X(f),J21,5167254.9756913045,5484921.6524404166,"{""origin"": ""E21"", ""formula"": ""SUM(E19:E20)"", ""ref"": ""E21:M21""}","{""origin"": ""E21"", ""formula"": ""SUM(E19:E20)"", ""ref"": ""E21:M21""}"
HIG,reporting/bscr/reconcile/filled in templates/2026 BSCR - UKEU - HIG.xlsx,reporting/bscr/reconcile/filled in templates/2026 BSCR - UKEU - HIG v2.xlsx,Schedule X(f),J28,5167254.9756913045,5165233.4649841255,,
HIG,reporting/bscr/reconcile/filled in templates/2026 BSCR - UKEU - HIG.xlsx,reporting/bscr/reconcile/filled in templates/2026 BSCR - UKEU - HIG v2.xlsx,Schedule X(f),J33,5167254.9756913045,5165233.4649841255,"{""origin"": ""E33"", ""formula"": ""SUM(E28:E32)"", ""ref"": ""E33:M33""}","{""origin"": ""E33"", ""formula"": ""SUM(E28:E32)"", ""ref"": ""E33:M33""}"
HIG,reporting/bscr/reconcile/filled in templates/2026 BSCR - UKEU - HIG.xlsx,reporting/bscr/reconcile/filled in templates/2026 BSCR - UKEU - HIG v2.xlsx,Schedule X(f),J43,,319688.18745629099,,
HIG,reporting/bscr/reconcile/filled in templates/2026 BSCR - UKEU - HIG.xlsx,reporting/bscr/reconcile/filled in templates/2026 BSCR - UKEU - HIG v2.xlsx,Schedule X(f),J46,0,319688.18745629099,"{""origin"": ""E46"", ""formula"": ""SUM(E43:E45)"", ""ref"": ""E46:M46""}","{""origin"": ""E46"", ""formula"": ""SUM(E43:E45)"", ""ref"": ""E46:M46""}"
HIG,reporting/bscr/reconcile/filled in templates/2026 BSCR - UKEU - HIG.xlsx,reporting/bscr/reconcile/filled in templates/2026 BSCR - UKEU - HIG v2.xlsx,Schedule X(f),J60,,319688.18745629099,,
HIG,reporting/bscr/reconcile/filled in templates/2026 BSCR - UKEU - HIG.xlsx,reporting/bscr/reconcile/filled in templates/2026 BSCR - UKEU - HIG v2.xlsx,Schedule X(f),J64,0,319688.18745629099,"{""origin"": ""E64"", ""formula"": ""SUM(E60:E63)"", ""ref"": ""E64:M64""}","{""origin"": ""E64"", ""formula"": ""SUM(E60:E63)"", ""ref"": ""E64:M64""}"
HIG,reporting/bscr/reconcile/filled in templates/2026 BSCR - UKEU - HIG.xlsx,reporting/bscr/reconcile/filled in templates/2026 BSCR - UKEU - HIG v2.xlsx,Schedule X(f),K10,1920,1915,H10+E10,H10+E10
HIG,reporting/bscr/reconcile/filled in templates/2026 BSCR - UKEU - HIG.xlsx,reporting/bscr/reconcile/filled in templates/2026 BSCR - UKEU - HIG v2.xlsx,Schedule X(f),K11,0,55,"{""origin"": ""K10"", ""formula"": ""H10+E10"", ""ref"": ""K10:M11""}","{""origin"": ""K10"", ""formula"": ""H10+E10"", ""ref"": ""K10:M11""}"
HIG,reporting/bscr/reconcile/filled in templates/2026 BSCR - UKEU - HIG.xlsx,reporting/bscr/reconcile/filled in templates/2026 BSCR - UKEU - HIG v2.xlsx,Schedule X(f),K12,1920,1970,"{""origin"": ""E12"", ""formula"": ""SUM(E10:E11)"", ""ref"": ""E12:M12""}","{""origin"": ""E12"", ""formula"": ""SUM(E10:E11)"", ""ref"": ""E12:M12""}"
HIG,reporting/bscr/reconcile/filled in templates/2026 BSCR - UKEU - HIG.xlsx,reporting/bscr/reconcile/filled in templates/2026 BSCR - UKEU - HIG v2.xlsx,Schedule X(f),K19,1920,1915,H19+E19,H19+E19
HIG,reporting/bscr/reconcile/filled in templates/2026 BSCR - UKEU - HIG.xlsx,reporting/bscr/reconcile/filled in templates/2026 BSCR - UKEU - HIG v2.xlsx,Schedule X(f),K20,0,55,"{""origin"": ""K19"", ""formula"": ""H19+E19"", ""ref"": ""K19:L21""}","{""origin"": ""K19"", ""formula"": ""H19+E19"", ""ref"": ""K19:L21""}"
HIG,reporting/bscr/reconcile/filled in templates/2026 BSCR - UKEU - HIG.xlsx,reporting/bscr/reconcile/filled in templates/2026 BSCR - UKEU - HIG v2.xlsx,Schedule X(f),K21,1920,1970,"{""origin"": ""K19"", ""formula"": ""H19+E19"", ""ref"": ""K19:L21""}","{""origin"": ""K19"", ""formula"": ""H19+E19"", ""ref"": ""K19:L21""}"
HIG,reporting/bscr/reconcile/filled in templates/2026 BSCR - UKEU - HIG.xlsx,reporting/bscr/reconcile/filled in templates/2026 BSCR - UKEU - HIG v2.xlsx,Schedule X(f),K28,1920,1915,H28+E28,H28+E28
HIG,reporting/bscr/reconcile/filled in templates/2026 BSCR - UKEU - HIG.xlsx,reporting/bscr/reconcile/filled in templates/2026 BSCR - UKEU - HIG v2.xlsx,Schedule X(f),K33,1920,1915,"{""origin"": ""E33"", ""formula"": ""SUM(E28:E32)"", ""ref"": ""E33:M33""}","{""origin"": ""E33"", ""formula"": ""SUM(E28:E32)"", ""ref"": ""E33:M33""}"
HIG,reporting/bscr/reconcile/filled in templates/2026 BSCR - UKEU - HIG.xlsx,reporting/bscr/reconcile/filled in templates/2026 BSCR - UKEU - HIG v2.xlsx,Schedule X(f),K43,0,55,H43+E43,H43+E43
HIG,reporting/bscr/reconcile/filled in templates/2026 BSCR - UKEU - HIG.xlsx,reporting/bscr/reconcile/filled in templates/2026 BSCR - UKEU - HIG v2.xlsx,Schedule X(f),K46,0,55,"{""origin"": ""E46"", ""formula"": ""SUM(E43:E45)"", ""ref"": ""E46:M46""}","{""origin"": ""E46"", ""formula"": ""SUM(E43:E45)"", ""ref"": ""E46:M46""}"
HIG,reporting/bscr/reconcile/filled in templates/2026 BSCR - UKEU - HIG.xlsx,reporting/bscr/reconcile/filled in templates/2026 BSCR - UKEU - HIG v2.xlsx,Schedule X(f),K60,0,55,H60+E60,H60+E60
HIG,reporting/bscr/reconcile/filled in templates/2026 BSCR - UKEU - HIG.xlsx,reporting/bscr/reconcile/filled in templates/2026 BSCR - UKEU - HIG v2.xlsx,Schedule X(f),K64,0,55,"{""origin"": ""E64"", ""formula"": ""SUM(E60:E63)"", ""ref"": ""E64:M64""}","{""origin"": ""E64"", ""formula"": ""SUM(E60:E63)"", ""ref"": ""E64:M64""}"
HIG,reporting/bscr/reconcile/filled in templates/2026 BSCR - UKEU - HIG.xlsx,reporting/bscr/reconcile/filled in templates/2026 BSCR - UKEU - HIG v2.xlsx,Schedule X(f),L10,7349944.8322560899,7347517.2142083505,"{""origin"": ""K10"", ""formula"": ""H10+E10"", ""ref"": ""K10:M11""}","{""origin"": ""K10"", ""formula"": ""H10+E10"", ""ref"": ""K10:M11""}"
HIG,reporting/bscr/reconcile/filled in templates/2026 BSCR - UKEU - HIG.xlsx,reporting/bscr/reconcile/filled in templates/2026 BSCR - UKEU - HIG v2.xlsx,Schedule X(f),L11,0,699027.30474033591,"{""origin"": ""K10"", ""formula"": ""H10+E10"", ""ref"": ""K10:M11""}","{""origin"": ""K10"", ""formula"": ""H10+E10"", ""ref"": ""K10:M11""}"
HIG,reporting/bscr/reconcile/filled in templates/2026 BSCR - UKEU - HIG.xlsx,reporting/bscr/reconcile/filled in templates/2026 BSCR - UKEU - HIG v2.xlsx,Schedule X(f),L12,7349944.8322560899,8046544.5189486863,I12+F12,I12+F12
HIG,reporting/bscr/reconcile/filled in templates/2026 BSCR - UKEU - HIG.xlsx,reporting/bscr/reconcile/filled in templates/2026 BSCR - UKEU - HIG v2.xlsx,Schedule X(f),L19,7349944.8322560899,7347517.2142083505,"{""origin"": ""K19"", ""formula"": ""H19+E19"", ""ref"": ""K19:L21""}","{""origin"": ""K19"", ""formula"": ""H19+E19"", ""ref"": ""K19:L21""}"
HIG,reporting/bscr/reconcile/filled in templates/2026 BSCR - UKEU - HIG.xlsx,reporting/bscr/reconcile/filled in templates/2026 BSCR - UKEU - HIG v2.xlsx,Schedule X(f),L20,0,699027.30474033591,"{""origin"": ""K19"", ""formula"": ""H19+E19"", ""ref"": ""K19:L21""}","{""origin"": ""K19"", ""formula"": ""H19+E19"", ""ref"": ""K19:L21""}"
HIG,reporting/bscr/reconcile/filled in templates/2026 BSCR - UKEU - HIG.xlsx,reporting/bscr/reconcile/filled in templates/2026 BSCR - UKEU - HIG v2.xlsx,Schedule X(f),L21,7349944.8322560899,8046544.5189486863,"{""origin"": ""K19"", ""formula"": ""H19+E19"", ""ref"": ""K19:L21""}","{""origin"": ""K19"", ""formula"": ""H19+E19"", ""ref"": ""K19:L21""}"
HIG,reporting/bscr/reconcile/filled in templates/2026 BSCR - UKEU - HIG.xlsx,reporting/bscr/reconcile/filled in templates/2026 BSCR - UKEU - HIG v2.xlsx,Schedule X(f),L28,7349944.8322560899,7347517.2142083505,"{""origin"": ""K28"", ""formula"": ""H28+E28"", ""ref"": ""K28:L32""}","{""origin"": ""K28"", ""formula"": ""H28+E28"", ""ref"": ""K28:L32""}"
HIG,reporting/bscr/reconcile/filled in templates/2026 BSCR - UKEU - HIG.xlsx,reporting/bscr/reconcile/filled in templates/2026 BSCR - UKEU - HIG v2.xlsx,Schedule X(f),L33,7349944.8322560899,7347517.2142083505,I33+F33,I33+F33
HIG,reporting/bscr/reconcile/filled in templates/2026 BSCR - UKEU - HIG.xlsx,reporting/bscr/reconcile/filled in templates/2026 BSCR - UKEU - HIG v2.xlsx,Schedule X(f),L43,0,699027.30474033591,"{""origin"": ""K43"", ""formula"": ""H43+E43"", ""ref"": ""K43:L45""}","{""origin"": ""K43"", ""formula"": ""H43+E43"", ""ref"": ""K43:L45""}"
HIG,reporting/bscr/reconcile/filled in templates/2026 BSCR - UKEU - HIG.xlsx,reporting/bscr/reconcile/filled in templates/2026 BSCR - UKEU - HIG v2.xlsx,Schedule X(f),L46,0,699027.30474033591,I46+F46,I46+F46
HIG,reporting/bscr/reconcile/filled in templates/2026 BSCR - UKEU - HIG.xlsx,reporting/bscr/reconcile/filled in templates/2026 BSCR - UKEU - HIG v2.xlsx,Schedule X(f),L60,0,699027.30474033591,"{""origin"": ""K60"", ""formula"": ""H60+E60"", ""ref"": ""K60:L63""}","{""origin"": ""K60"", ""formula"": ""H60+E60"", ""ref"": ""K60:L63""}"
HIG,reporting/bscr/reconcile/filled in templates/2026 BSCR - UKEU - HIG.xlsx,reporting/bscr/reconcile/filled in templates/2026 BSCR - UKEU - HIG v2.xlsx,Schedule X(f),L64,0,699027.30474033591,I64+F64,I64+F64
HIG,reporting/bscr/reconcile/filled in templates/2026 BSCR - UKEU - HIG.xlsx,reporting/bscr/reconcile/filled in templates/2026 BSCR - UKEU - HIG v2.xlsx,Schedule X(f),M10,5833901.1744010206,5831772.7773838798,"{""origin"": ""K10"", ""formula"": ""H10+E10"", ""ref"": ""K10:M11""}","{""origin"": ""K10"", ""formula"": ""H10+E10"", ""ref"": ""K10:M11""}"
HIG,reporting/bscr/reconcile/filled in templates/2026 BSCR - UKEU - HIG.xlsx,reporting/bscr/reconcile/filled in templates/2026 BSCR - UKEU - HIG v2.xlsx,Schedule X(f),M11,0,406962.151025459,"{""origin"": ""K10"", ""formula"": ""H10+E10"", ""ref"": ""K10:M11""}","{""origin"": ""K10"", ""formula"": ""H10+E10"", ""ref"": ""K10:M11""}"
HIG,reporting/bscr/reconcile/filled in templates/2026 BSCR - UKEU - HIG.xlsx,reporting/bscr/reconcile/filled in templates/2026 BSCR - UKEU - HIG v2.xlsx,Schedule X(f),M12,5833901.1744010206,6238734.9284093389,"{""origin"": ""E12"", ""formula"": ""SUM(E10:E11)"", ""ref"": ""E12:M12""}","{""origin"": ""E12"", ""formula"": ""SUM(E10:E11)"", ""ref"": ""E12:M12""}"
HIG,reporting/bscr/reconcile/filled in templates/2026 BSCR - UKEU - HIG.xlsx,reporting/bscr/reconcile/filled in templates/2026 BSCR - UKEU - HIG v2.xlsx,Schedule X(f),M19,5833901.1744010206,5831772.7773838798,J19+G19,J19+G19
HIG,reporting/bscr/reconcile/filled in templates/2026 BSCR - UKEU - HIG.xlsx,reporting/bscr/reconcile/filled in templates/2026 BSCR - UKEU - HIG v2.xlsx,Schedule X(f),M20,0,406962.151025459,J20+G20,J20+G20
HIG,reporting/bscr/reconcile/filled in templates/2026 BSCR - UKEU - HIG.xlsx,reporting/bscr/reconcile/filled in templates/2026 BSCR - UKEU - HIG v2.xlsx,Schedule X(f),M21,5833901.1744010206,6238734.9284093389,"{""origin"": ""E21"", ""formula"": ""SUM(E19:E20)"", ""ref"": ""E21:M21""}","{""origin"": ""E21"", ""formula"": ""SUM(E19:E20)"", ""ref"": ""E21:M21""}"
HIG,reporting/bscr/reconcile/filled in templates/2026 BSCR - UKEU - HIG.xlsx,reporting/bscr/reconcile/filled in templates/2026 BSCR - UKEU - HIG v2.xlsx,Schedule X(f),M28,5833901.1744010206,5831772.7773838798,J28+G28,J28+G28
HIG,reporting/bscr/reconcile/filled in templates/2026 BSCR - UKEU - HIG.xlsx,reporting/bscr/reconcile/filled in templates/2026 BSCR - UKEU - HIG v2.xlsx,Schedule X(f),M33,5833901.1744010206,5831772.7773838798,"{""origin"": ""E33"", ""formula"": ""SUM(E28:E32)"", ""ref"": ""E33:M33""}","{""origin"": ""E33"", ""formula"": ""SUM(E28:E32)"", ""ref"": ""E33:M33""}"
HIG,reporting/bscr/reconcile/filled in templates/2026 BSCR - UKEU - HIG.xlsx,reporting/bscr/reconcile/filled in templates/2026 BSCR - UKEU - HIG v2.xlsx,Schedule X(f),M43,0,406962.151025459,J43+G43,J43+G43
HIG,reporting/bscr/reconcile/filled in templates/2026 BSCR - UKEU - HIG.xlsx,reporting/bscr/reconcile/filled in templates/2026 BSCR - UKEU - HIG v2.xlsx,Schedule X(f),M46,0,406962.151025459,"{""origin"": ""E46"", ""formula"": ""SUM(E43:E45)"", ""ref"": ""E46:M46""}","{""origin"": ""E46"", ""formula"": ""SUM(E43:E45)"", ""ref"": ""E46:M46""}"
HIG,reporting/bscr/reconcile/filled in templates/2026 BSCR - UKEU - HIG.xlsx,reporting/bscr/reconcile/filled in templates/2026 BSCR - UKEU - HIG v2.xlsx,Schedule X(f),M60,0,406962.151025459,J60+G60,J60+G60
HIG,reporting/bscr/reconcile/filled in templates/2026 BSCR - UKEU - HIG.xlsx,reporting/bscr/reconcile/filled in templates/2026 BSCR - UKEU - HIG v2.xlsx,Schedule X(f),M64,0,406962.151025459,"{""origin"": ""E64"", ""formula"": ""SUM(E60:E63)"", ""ref"": ""E64:M64""}","{""origin"": ""E64"", ""formula"": ""SUM(E60:E63)"", ""ref"": ""E64:M64""}"
HIG,reporting/bscr/reconcile/filled in templates/2026 BSCR - UKEU - HIG v2.xlsx,reporting/bscr/reconcile/2026 BSCR - UKEU - HIG.xlsx,Schedule X(a),E21,,9.0500000000000007,,
HIG,reporting/bscr/reconcile/filled in templates/2026 BSCR - UKEU - HIG v2.xlsx,reporting/bscr/reconcile/2026 BSCR - UKEU - HIG.xlsx,Schedule X(a),E25,7347517.2142083505,7379,,
HIG,reporting/bscr/reconcile/filled in templates/2026 BSCR - UKEU - HIG v2.xlsx,reporting/bscr/reconcile/2026 BSCR - UKEU - HIG.xlsx,Schedule X(a),E26,699027.30474033591,3483,,
HIG,reporting/bscr/reconcile/filled in templates/2026 BSCR - UKEU - HIG v2.xlsx,reporting/bscr/reconcile/2026 BSCR - UKEU - HIG.xlsx,Schedule X(a),J21,,7.85,,
HIG,reporting/bscr/reconcile/filled in templates/2026 BSCR - UKEU - HIG v2.xlsx,reporting/bscr/reconcile/2026 BSCR - UKEU - HIG.xlsx,Schedule X(a),J25,5831772.7773838798,5547,,
HIG,reporting/bscr/reconcile/filled in templates/2026 BSCR - UKEU - HIG v2.xlsx,reporting/bscr/reconcile/2026 BSCR - UKEU - HIG.xlsx,Schedule X(a),J26,406962.151025459,2875,,
HIG,reporting/bscr/reconcile/filled in templates/2026 BSCR - UKEU - HIG v2.xlsx,reporting/bscr/reconcile/2026 BSCR - UKEU - HIG.xlsx,Schedule X(b),E23,0,9.0500000000000007,[3]Import!G4098,
HIG,reporting/bscr/reconcile/filled in templates/2026 BSCR - UKEU - HIG v2.xlsx,reporting/bscr/reconcile/2026 BSCR - UKEU - HIG.xlsx,Schedule X(b),E27,7347517.2142083505,7379,,
HIG,reporting/bscr/reconcile/filled in templates/2026 BSCR - UKEU - HIG v2.xlsx,reporting/bscr/reconcile/2026 BSCR - UKEU - HIG.xlsx,Schedule X(b),E28,699027.30474033591,3483,,
HIG,reporting/bscr/reconcile/filled in templates/2026 BSCR - UKEU - HIG v2.xlsx,reporting/bscr/reconcile/2026 BSCR - UKEU - HIG.xlsx,Schedule X(b),J23,0,7.85,[3]Import!G4109,
HIG,reporting/bscr/reconcile/filled in templates/2026 BSCR - UKEU - HIG v2.xlsx,reporting/bscr/reconcile/2026 BSCR - UKEU - HIG.xlsx,Schedule X(b),J27,5831772.7773838798,5547,,
HIG,reporting/bscr/reconcile/filled in templates/2026 BSCR - UKEU - HIG v2.xlsx,reporting/bscr/reconcile/2026 BSCR - UKEU - HIG.xlsx,Schedule X(b),J28,406962.151025459,2875,,
HIG,reporting/bscr/reconcile/filled in templates/2026 BSCR - UKEU - HIG v2.xlsx,reporting/bscr/reconcile/2026 BSCR - UKEU - HIG.xlsx,Schedule X(c),E113,,0.21,,
HIG,reporting/bscr/reconcile/filled in templates/2026 BSCR - UKEU - HIG v2.xlsx,reporting/bscr/reconcile/2026 BSCR - UKEU - HIG.xlsx,Schedule X(c),E115,183525.417048993,247.75931301614054,,
HIG,reporting/bscr/reconcile/filled in templates/2026 BSCR - UKEU - HIG v2.xlsx,reporting/bscr/reconcile/2026 BSCR - UKEU - HIG.xlsx,Schedule X(c),E25,,1.22,,
HIG,reporting/bscr/reconcile/filled in templates/2026 BSCR - UKEU - HIG v2.xlsx,reporting/bscr/reconcile/2026 BSCR - UKEU - HIG.xlsx,Schedule X(c),E27,315600.75100663339,1886.4912209195384,,
HIG,reporting/bscr/reconcile/filled in templates/2026 BSCR - UKEU - HIG v2.xlsx,reporting/bscr/reconcile/2026 BSCR - UKEU - HIG.xlsx,Schedule X(c),E47,,1.23,,
HIG,reporting/bscr/reconcile/filled in templates/2026 BSCR - UKEU - HIG v2.xlsx,reporting/bscr/reconcile/2026 BSCR - UKEU - HIG.xlsx,Schedule X(c),E49,7558.3461603288206,10.203767316443908,,
HIG,reporting/bscr/reconcile/filled in templates/2026 BSCR - UKEU - HIG v2.xlsx,reporting/bscr/reconcile/2026 BSCR - UKEU - HIG.xlsx,Schedule X(c),E69,,3.45,,
HIG,reporting/bscr/reconcile/filled in templates/2026 BSCR - UKEU - HIG v2.xlsx,reporting/bscr/reconcile/2026 BSCR - UKEU - HIG.xlsx,Schedule X(c),E71,3070040.9810436112,4144.5553244088751,,
HIG,reporting/bscr/reconcile/filled in templates/2026 BSCR - UKEU - HIG v2.xlsx,reporting/bscr/reconcile/2026 BSCR - UKEU - HIG.xlsx,Schedule X(c),E91,,0.21,,
HIG,reporting/bscr/reconcile/filled in templates/2026 BSCR - UKEU - HIG v2.xlsx,reporting/bscr/reconcile/2026 BSCR - UKEU - HIG.xlsx,Schedule X(c),E93,183525.417048993,247.75931301614054,,
HIG,reporting/bscr/reconcile/filled in templates/2026 BSCR - UKEU - HIG v2.xlsx,reporting/bscr/reconcile/2026 BSCR - UKEU - HIG.xlsx,Schedule X(c),F113,,0.13,,
HIG,reporting/bscr/reconcile/filled in templates/2026 BSCR - UKEU - HIG v2.xlsx,reporting/bscr/reconcile/2026 BSCR - UKEU - HIG.xlsx,Schedule X(c),F115,107035.05091833501,144.49731873975227,,
HIG,reporting/bscr/reconcile/filled in templates/2026 BSCR - UKEU - HIG v2.xlsx,reporting/bscr/reconcile/2026 BSCR - UKEU - HIG.xlsx,Schedule X(c),F25,,0.95,,
HIG,reporting/bscr/reconcile/filled in templates/2026 BSCR - UKEU - HIG v2.xlsx,reporting/bscr/reconcile/2026 BSCR - UKEU - HIG.xlsx,Schedule X(c),F27,274396.75478098344,1388.0835415123718,,
HIG,reporting/bscr/reconcile/filled in templates/2026 BSCR - UKEU - HIG v2.xlsx,reporting/bscr/reconcile/2026 BSCR - UKEU - HIG.xlsx,Schedule X(c),F47,,0.96,,
HIG,reporting/bscr/reconcile/filled in templates/2026 BSCR - UKEU - HIG v2.xlsx,reporting/bscr/reconcile/2026 BSCR - UKEU - HIG.xlsx,Schedule X(c),F49,7558.3461603288206,10.203767316443908,,
HIG,reporting/bscr/reconcile/filled in templates/2026 BSCR - UKEU - HIG v2.xlsx,reporting/bscr/reconcile/2026 BSCR - UKEU - HIG.xlsx,Schedule X(c),F69,,2.9,,
HIG,reporting/bscr/reconcile/filled in templates/2026 BSCR - UKEU - HIG v2.xlsx,reporting/bscr/reconcile/2026 BSCR - UKEU - HIG.xlsx,Schedule X(c),F71,2306243.7270536269,3113.4290315223971,,
HIG,reporting/bscr/reconcile/filled in templates/2026 BSCR - UKEU - HIG v2.xlsx,reporting/bscr/reconcile/2026 BSCR - UKEU - HIG.xlsx,Schedule X(c),F91,,0.13,,
HIG,reporting/bscr/reconcile/filled in templates/2026 BSCR - UKEU - HIG v2.xlsx,reporting/bscr/reconcile/2026 BSCR - UKEU - HIG.xlsx,Schedule X(c),F93,107035.05091833501,144.49731873975227,,
HIG,reporting/bscr/reconcile/filled in templates/2026 BSCR - UKEU - HIG v2.xlsx,reporting/bscr/reconcile/2026 BSCR - UKEU - HIG.xlsx,Schedule X(f),C49,,Territories covered individually too small to require modelled assessment of exposure,,
HIG,reporting/bscr/reconcile/filled in templates/2026 BSCR - UKEU - HIG v2.xlsx,reporting/bscr/reconcile/2026 BSCR - UKEU - HIG.xlsx,Schedule X(f),E10,227,247,,
HIG,reporting/bscr/reconcile/filled in templates/2026 BSCR - UKEU - HIG v2.xlsx,reporting/bscr/reconcile/2026 BSCR - UKEU - HIG.xlsx,Schedule X(f),E11,20,,,
HIG,reporting/bscr/reconcile/filled in templates/2026 BSCR - UKEU - HIG v2.xlsx,reporting/bscr/reconcile/2026 BSCR - UKEU - HIG.xlsx,Schedule X(f),E28,227,,,
HIG,reporting/bscr/reconcile/filled in templates/2026 BSCR - UKEU - HIG v2.xlsx,reporting/bscr/reconcile/2026 BSCR - UKEU - HIG.xlsx,Schedule X(f),E29,,227,,
HIG,reporting/bscr/reconcile/filled in templates/2026 BSCR - UKEU - HIG v2.xlsx,reporting/bscr/reconcile/2026 BSCR - UKEU - HIG.xlsx,Schedule X(f),E60,20,,,
HIG,reporting/bscr/reconcile/filled in templates/2026 BSCR - UKEU - HIG v2.xlsx,reporting/bscr/reconcile/2026 BSCR - UKEU - HIG.xlsx,Schedule X(f),E64,20,0,SUM(E60:E63),SUM(E60:E63)
HIG,reporting/bscr/reconcile/filled in templates/2026 BSCR - UKEU - HIG v2.xlsx,reporting/bscr/reconcile/2026 BSCR - UKEU - HIG.xlsx,Schedule X(f),F10,906507.55461050791,1460,,
HIG,reporting/bscr/reconcile/filled in templates/2026 BSCR - UKEU - HIG v2.xlsx,reporting/bscr/reconcile/2026 BSCR - UKEU - HIG.xlsx,Schedule X(f),F11,175292.598767708,,,
HIG,reporting/bscr/reconcile/filled in templates/2026 BSCR - UKEU - HIG v2.xlsx,reporting/bscr/reconcile/2026 BSCR - UKEU - HIG.xlsx,Schedule X(f),F12,1081800.1533782159,1460,"{""origin"": ""E12"", ""formula"": ""SUM(E10:E11)"", ""ref"": ""E12:M12""}","{""origin"": ""E12"", ""formula"": ""SUM(E10:E11)"", ""ref"": ""E12:M12""}"
HIG,reporting/bscr/reconcile/filled in templates/2026 BSCR - UKEU - HIG v2.xlsx,reporting/bscr/reconcile/2026 BSCR - UKEU - HIG.xlsx,Schedule X(f),F19,906507.55461050791,1224,,
HIG,reporting/bscr/reconcile/filled in templates/2026 BSCR - UKEU - HIG v2.xlsx,reporting/bscr/reconcile/2026 BSCR - UKEU - HIG.xlsx,Schedule X(f),F20,175292.598767708,237,,
HIG,reporting/bscr/reconcile/filled in templates/2026 BSCR - UKEU - HIG v2.xlsx,reporting/bscr/reconcile/2026 BSCR - UKEU - HIG.xlsx,Schedule X(f),F21,1081800.1533782159,1461,"{""origin"": ""E21"", ""formula"": ""SUM(E19:E20)"", ""ref"": ""E21:M21""}","{""origin"": ""E21"", ""formula"": ""SUM(E19:E20)"", ""ref"": ""E21:M21""}"
HIG,reporting/bscr/reconcile/filled in templates/2026 BSCR - UKEU - HIG v2.xlsx,reporting/bscr/reconcile/2026 BSCR - UKEU - HIG.xlsx,Schedule X(f),F28,906507.55461050791,,,
HIG,reporting/bscr/reconcile/filled in templates/2026 BSCR - UKEU - HIG v2.xlsx,reporting/bscr/reconcile/2026 BSCR - UKEU - HIG.xlsx,Schedule X(f),F29,,1223.7851989999999,,
HIG,reporting/bscr/reconcile/filled in templates/2026 BSCR - UKEU - HIG v2.xlsx,reporting/bscr/reconcile/2026 BSCR - UKEU - HIG.xlsx,Schedule X(f),F33,906507.55461050791,1223.7851989999999,"{""origin"": ""E33"", ""formula"": ""SUM(E28:E32)"", ""ref"": ""E33:M33""}","{""origin"": ""E33"", ""formula"": ""SUM(E28:E32)"", ""ref"": ""E33:M33""}"
HIG,reporting/bscr/reconcile/filled in templates/2026 BSCR - UKEU - HIG v2.xlsx,reporting/bscr/reconcile/2026 BSCR - UKEU - HIG.xlsx,Schedule X(f),F43,175292.598767708,237,,
HIG,reporting/bscr/reconcile/filled in templates/2026 BSCR - UKEU - HIG v2.xlsx,reporting/bscr/reconcile/2026 BSCR - UKEU - HIG.xlsx,Schedule X(f),F46,175292.598767708,237,"{""origin"": ""E46"", ""formula"": ""SUM(E43:E45)"", ""ref"": ""E46:M46""}","{""origin"": ""E46"", ""formula"": ""SUM(E43:E45)"", ""ref"": ""E46:M46""}"
HIG,reporting/bscr/reconcile/filled in templates/2026 BSCR - UKEU - HIG v2.xlsx,reporting/bscr/reconcile/2026 BSCR - UKEU - HIG.xlsx,Schedule X(f),F60,175292.598767708,,,
HIG,reporting/bscr/reconcile/filled in templates/2026 BSCR - UKEU - HIG v2.xlsx,reporting/bscr/reconcile/2026 BSCR - UKEU - HIG.xlsx,Schedule X(f),F64,175292.598767708,0,"{""origin"": ""E64"", ""formula"": ""SUM(E60:E63)"", ""ref"": ""E64:M64""}","{""origin"": ""E64"", ""formula"": ""SUM(E60:E63)"", ""ref"": ""E64:M64""}"
HIG,reporting/bscr/reconcile/filled in templates/2026 BSCR - UKEU - HIG v2.xlsx,reporting/bscr/reconcile/2026 BSCR - UKEU - HIG.xlsx,Schedule X(f),G10,666539.31239975407,1018,,
HIG,reporting/bscr/reconcile/filled in templates/2026 BSCR - UKEU - HIG v2.xlsx,reporting/bscr/reconcile/2026 BSCR - UKEU - HIG.xlsx,Schedule X(f),G11,87273.963569168001,,,
HIG,reporting/bscr/reconcile/filled in templates/2026 BSCR - UKEU - HIG v2.xlsx,reporting/bscr/reconcile/2026 BSCR - UKEU - HIG.xlsx,Schedule X(f),G12,753813.27596892207,1018,"{""origin"": ""E12"", ""formula"": ""SUM(E10:E11)"", ""ref"": ""E12:M12""}","{""origin"": ""E12"", ""formula"": ""SUM(E10:E11)"", ""ref"": ""E12:M12""}"
HIG,reporting/bscr/reconcile/filled in templates/2026 BSCR - UKEU - HIG v2.xlsx,reporting/bscr/reconcile/2026 BSCR - UKEU - HIG.xlsx,Schedule X(f),G19,666539.31239975407,900,,
HIG,reporting/bscr/reconcile/filled in templates/2026 BSCR - UKEU - HIG v2.xlsx,reporting/bscr/reconcile/2026 BSCR - UKEU - HIG.xlsx,Schedule X(f),G20,87273.963569168001,118,,
HIG,reporting/bscr/reconcile/filled in templates/2026 BSCR - UKEU - HIG v2.xlsx,reporting/bscr/reconcile/2026 BSCR - UKEU - HIG.xlsx,Schedule X(f),G21,753813.27596892207,1018,"{""origin"": ""E21"", ""formula"": ""SUM(E19:E20)"", ""ref"": ""E21:M21""}","{""origin"": ""E21"", ""formula"": ""SUM(E19:E20)"", ""ref"": ""E21:M21""}"
HIG,reporting/bscr/reconcile/filled in templates/2026 BSCR - UKEU - HIG v2.xlsx,reporting/bscr/reconcile/2026 BSCR - UKEU - HIG.xlsx,Schedule X(f),G28,666539.31239975407,,,
HIG,reporting/bscr/reconcile/filled in templates/2026 BSCR - UKEU - HIG v2.xlsx,reporting/bscr/reconcile/2026 BSCR - UKEU - HIG.xlsx,Schedule X(f),G29,,899.82807170000001,,
HIG,reporting/bscr/reconcile/filled in templates/2026 BSCR - UKEU - HIG v2.xlsx,reporting/bscr/reconcile/2026 BSCR - UKEU - HIG.xlsx,Schedule X(f),G33,666539.31239975407,899.82807170000001,"{""origin"": ""E33"", ""formula"": ""SUM(E28:E32)"", ""ref"": ""E33:M33""}","{""origin"": ""E33"", ""formula"": ""SUM(E28:E32)"", ""ref"": ""E33:M33""}"
HIG,reporting/bscr/reconcile/filled in templates/2026 BSCR - UKEU - HIG v2.xlsx,reporting/bscr/reconcile/2026 BSCR - UKEU - HIG.xlsx,Schedule X(f),G43,87273.963569168001,118,,
HIG,reporting/bscr/reconcile/filled in templates/2026 BSCR - UKEU - HIG v2.xlsx,reporting/bscr/reconcile/2026 BSCR - UKEU - HIG.xlsx,Schedule X(f),G46,87273.963569168001,118,"{""origin"": ""E46"", ""formula"": ""SUM(E43:E45)"", ""ref"": ""E46:M46""}","{""origin"": ""E46"", ""formula"": ""SUM(E43:E45)"", ""ref"": ""E46:M46""}"
HIG,reporting/bscr/reconcile/filled in templates/2026 BSCR - UKEU - HIG v2.xlsx,reporting/bscr/reconcile/2026 BSCR - UKEU - HIG.xlsx,Schedule X(f),G60,87273.963569168001,,,
HIG,reporting/bscr/reconcile/filled in templates/2026 BSCR - UKEU - HIG v2.xlsx,reporting/bscr/reconcile/2026 BSCR - UKEU - HIG.xlsx,Schedule X(f),G64,87273.963569168001,0,"{""origin"": ""E64"", ""formula"": ""SUM(E60:E63)"", ""ref"": ""E64:M64""}","{""origin"": ""E64"", ""formula"": ""SUM(E60:E63)"", ""ref"": ""E64:M64""}"
HIG,reporting/bscr/reconcile/filled in templates/2026 BSCR - UKEU - HIG v2.xlsx,reporting/bscr/reconcile/2026 BSCR - UKEU - HIG.xlsx,Schedule X(f),H10,1688,1286,,
HIG,reporting/bscr/reconcile/filled in templates/2026 BSCR - UKEU - HIG v2.xlsx,reporting/bscr/reconcile/2026 BSCR - UKEU - HIG.xlsx,Schedule X(f),H11,35,437,,
HIG,reporting/bscr/reconcile/filled in templates/2026 BSCR - UKEU - HIG v2.xlsx,reporting/bscr/reconcile/2026 BSCR - UKEU - HIG.xlsx,Schedule X(f),H19,1688,998,,
HIG,reporting/bscr/reconcile/filled in templates/2026 BSCR - UKEU - HIG v2.xlsx,reporting/bscr/reconcile/2026 BSCR - UKEU - HIG.xlsx,Schedule X(f),H20,35,288,,
HIG,reporting/bscr/reconcile/filled in templates/2026 BSCR - UKEU - HIG v2.xlsx,reporting/bscr/reconcile/2026 BSCR - UKEU - HIG.xlsx,Schedule X(f),H21,1723,1286,"{""origin"": ""E21"", ""formula"": ""SUM(E19:E20)"", ""ref"": ""E21:M21""}","{""origin"": ""E21"", ""formula"": ""SUM(E19:E20)"", ""ref"": ""E21:M21""}"
HIG,reporting/bscr/reconcile/filled in templates/2026 BSCR - UKEU - HIG v2.xlsx,reporting/bscr/reconcile/2026 BSCR - UKEU - HIG.xlsx,Schedule X(f),H28,1688,952,,
HIG,reporting/bscr/reconcile/filled in templates/2026 BSCR - UKEU - HIG v2.xlsx,reporting/bscr/reconcile/2026 BSCR - UKEU - HIG.xlsx,Schedule X(f),H29,,46,,
HIG,reporting/bscr/reconcile/filled in templates/2026 BSCR - UKEU - HIG v2.xlsx,reporting/bscr/reconcile/2026 BSCR - UKEU - HIG.xlsx,Schedule X(f),H33,1688,998,"{""origin"": ""E33"", ""formula"": ""SUM(E28:E32)"", ""ref"": ""E33:M33""}","{""origin"": ""E33"", ""formula"": ""SUM(E28:E32)"", ""ref"": ""E33:M33""}"
HIG,reporting/bscr/reconcile/filled in templates/2026 BSCR - UKEU - HIG v2.xlsx,reporting/bscr/reconcile/2026 BSCR - UKEU - HIG.xlsx,Schedule X(f),H43,35,23,,
HIG,reporting/bscr/reconcile/filled in templates/2026 BSCR - UKEU - HIG v2.xlsx,reporting/bscr/reconcile/2026 BSCR - UKEU - HIG.xlsx,Schedule X(f),H44,,0,,
HIG,reporting/bscr/reconcile/filled in templates/2026 BSCR - UKEU - HIG v2.xlsx,reporting/bscr/reconcile/2026 BSCR - UKEU - HIG.xlsx,Schedule X(f),H45,,265,,
HIG,reporting/bscr/reconcile/filled in templates/2026 BSCR - UKEU - HIG v2.xlsx,reporting/bscr/reconcile/2026 BSCR - UKEU - HIG.xlsx,Schedule X(f),H46,35,288,"{""origin"": ""E46"", ""formula"": ""SUM(E43:E45)"", ""ref"": ""E46:M46""}","{""origin"": ""E46"", ""formula"": ""SUM(E43:E45)"", ""ref"": ""E46:M46""}"
HIG,reporting/bscr/reconcile/filled in templates/2026 BSCR - UKEU - HIG v2.xlsx,reporting/bscr/reconcile/2026 BSCR - UKEU - HIG.xlsx,Schedule X(f),H60,35,0,,
HIG,reporting/bscr/reconcile/filled in templates/2026 BSCR - UKEU - HIG v2.xlsx,reporting/bscr/reconcile/2026 BSCR - UKEU - HIG.xlsx,Schedule X(f),H61,,437,,
HIG,reporting/bscr/reconcile/filled in templates/2026 BSCR - UKEU - HIG v2.xlsx,reporting/bscr/reconcile/2026 BSCR - UKEU - HIG.xlsx,Schedule X(f),H62,,0,,
HIG,reporting/bscr/reconcile/filled in templates/2026 BSCR - UKEU - HIG v2.xlsx,reporting/bscr/reconcile/2026 BSCR - UKEU - HIG.xlsx,Schedule X(f),H63,,0,,
HIG,reporting/bscr/reconcile/filled in templates/2026 BSCR - UKEU - HIG v2.xlsx,reporting/bscr/reconcile/2026 BSCR - UKEU - HIG.xlsx,Schedule X(f),H64,35,437,"{""origin"": ""E64"", ""formula"": ""SUM(E60:E63)"", ""ref"": ""E64:M64""}","{""origin"": ""E64"", ""formula"": ""SUM(E60:E63)"", ""ref"": ""E64:M64""}"
HIG,reporting/bscr/reconcile/filled in templates/2026 BSCR - UKEU - HIG v2.xlsx,reporting/bscr/reconcile/2026 BSCR - UKEU - HIG.xlsx,Schedule X(f),I10,6441009.659597843,7544,,
HIG,reporting/bscr/reconcile/filled in templates/2026 BSCR - UKEU - HIG v2.xlsx,reporting/bscr/reconcile/2026 BSCR - UKEU - HIG.xlsx,Schedule X(f),I11,523734.70597262791,1858,,
HIG,reporting/bscr/reconcile/filled in templates/2026 BSCR - UKEU - HIG v2.xlsx,reporting/bscr/reconcile/2026 BSCR - UKEU - HIG.xlsx,Schedule X(f),I12,6964744.3655704707,9402,"{""origin"": ""E12"", ""formula"": ""SUM(E10:E11)"", ""ref"": ""E12:M12""}","{""origin"": ""E12"", ""formula"": ""SUM(E10:E11)"", ""ref"": ""E12:M12""}"
HIG,reporting/bscr/reconcile/filled in templates/2026 BSCR - UKEU - HIG v2.xlsx,reporting/bscr/reconcile/2026 BSCR - UKEU - HIG.xlsx,Schedule X(f),I19,6441009.659597843,6155,,
HIG,reporting/bscr/reconcile/filled in templates/2026 BSCR - UKEU - HIG v2.xlsx,reporting/bscr/reconcile/2026 BSCR - UKEU - HIG.xlsx,Schedule X(f),I20,523734.70597262791,1389,,
HIG,reporting/bscr/reconcile/filled in templates/2026 BSCR - UKEU - HIG v2.xlsx,reporting/bscr/reconcile/2026 BSCR - UKEU - HIG.xlsx,Schedule X(f),I21,6964744.3655704707,7544,"{""origin"": ""E21"", ""formula"": ""SUM(E19:E20)"", ""ref"": ""E21:M21""}","{""origin"": ""E21"", ""formula"": ""SUM(E19:E20)"", ""ref"": ""E21:M21""}"
HIG,reporting/bscr/reconcile/filled in templates/2026 BSCR - UKEU - HIG v2.xlsx,reporting/bscr/reconcile/2026 BSCR - UKEU - HIG.xlsx,Schedule X(f),I28,6441009.659597843,5897,,
HIG,reporting/bscr/reconcile/filled in templates/2026 BSCR - UKEU - HIG v2.xlsx,reporting/bscr/reconcile/2026 BSCR - UKEU - HIG.xlsx,Schedule X(f),I29,,258,,
HIG,reporting/bscr/reconcile/filled in templates/2026 BSCR - UKEU - HIG v2.xlsx,reporting/bscr/reconcile/2026 BSCR - UKEU - HIG.xlsx,Schedule X(f),I33,6441009.659597843,6155,"{""origin"": ""E33"", ""formula"": ""SUM(E28:E32)"", ""ref"": ""E33:M33""}","{""origin"": ""E33"", ""formula"": ""SUM(E28:E32)"", ""ref"": ""E33:M33""}"
HIG,reporting/bscr/reconcile/filled in templates/2026 BSCR - UKEU - HIG v2.xlsx,reporting/bscr/reconcile/2026 BSCR - UKEU - HIG.xlsx,Schedule X(f),I43,523734.70597262791,641,,
HIG,reporting/bscr/reconcile/filled in templates/2026 BSCR - UKEU - HIG v2.xlsx,reporting/bscr/reconcile/2026 BSCR - UKEU - HIG.xlsx,Schedule X(f),I44,,0,,
HIG,reporting/bscr/reconcile/filled in templates/2026 BSCR - UKEU - HIG v2.xlsx,reporting/bscr/reconcile/2026 BSCR - UKEU - HIG.xlsx,Schedule X(f),I45,,748,,
HIG,reporting/bscr/reconcile/filled in templates/2026 BSCR - UKEU - HIG v2.xlsx,reporting/bscr/reconcile/2026 BSCR - UKEU - HIG.xlsx,Schedule X(f),I46,523734.70597262791,1389,"{""origin"": ""E46"", ""formula"": ""SUM(E43:E45)"", ""ref"": ""E46:M46""}","{""origin"": ""E46"", ""formula"": ""SUM(E43:E45)"", ""ref"": ""E46:M46""}"
HIG,reporting/bscr/reconcile/filled in templates/2026 BSCR - UKEU - HIG v2.xlsx,reporting/bscr/reconcile/2026 BSCR - UKEU - HIG.xlsx,Schedule X(f),I60,523734.70597262791,0,,
HIG,reporting/bscr/reconcile/filled in templates/2026 BSCR - UKEU - HIG v2.xlsx,reporting/bscr/reconcile/2026 BSCR - UKEU - HIG.xlsx,Schedule X(f),I61,,1858.385274,,
HIG,reporting/bscr/reconcile/filled in templates/2026 BSCR - UKEU - HIG v2.xlsx,reporting/bscr/reconcile/2026 BSCR - UKEU - HIG.xlsx,Schedule X(f),I62,,0,,
HIG,reporting/bscr/reconcile/filled in templates/2026 BSCR - UKEU - HIG v2.xlsx,reporting/bscr/reconcile/2026 BSCR - UKEU - HIG.xlsx,Schedule X(f),I63,,0,,
HIG,reporting/bscr/reconcile/filled in templates/2026 BSCR - UKEU - HIG v2.xlsx,reporting/bscr/reconcile/2026 BSCR - UKEU - HIG.xlsx,Schedule X(f),I64,523734.70597262791,1858.385274,"{""origin"": ""E64"", ""formula"": ""SUM(E60:E63)"", ""ref"": ""E64:M64""}","{""origin"": ""E64"", ""formula"": ""SUM(E60:E63)"", ""ref"": ""E64:M64""}"
HIG,reporting/bscr/reconcile/filled in templates/2026 BSCR - UKEU - HIG v2.xlsx,reporting/bscr/reconcile/2026 BSCR - UKEU - HIG.xlsx,Schedule X(f),J10,5165233.4649841255,5698,,
HIG,reporting/bscr/reconcile/filled in templates/2026 BSCR - UKEU - HIG v2.xlsx,reporting/bscr/reconcile/2026 BSCR - UKEU - HIG.xlsx,Schedule X(f),J11,319688.18745629099,1706,,
HIG,reporting/bscr/reconcile/filled in templates/2026 BSCR - UKEU - HIG v2.xlsx,reporting/bscr/reconcile/2026 BSCR - UKEU - HIG.xlsx,Schedule X(f),J12,5484921.6524404166,7404,"{""origin"": ""E12"", ""formula"": ""SUM(E10:E11)"", ""ref"": ""E12:M12""}","{""origin"": ""E12"", ""formula"": ""SUM(E10:E11)"", ""ref"": ""E12:M12""}"
HIG,reporting/bscr/reconcile/filled in templates/2026 BSCR - UKEU - HIG v2.xlsx,reporting/bscr/reconcile/2026 BSCR - UKEU - HIG.xlsx,Schedule X(f),J19,5165233.4649841255,4647,,
HIG,reporting/bscr/reconcile/filled in templates/2026 BSCR - UKEU - HIG v2.xlsx,reporting/bscr/reconcile/2026 BSCR - UKEU - HIG.xlsx,Schedule X(f),J20,319688.18745629099,1051,,
HIG,reporting/bscr/reconcile/filled in templates/2026 BSCR - UKEU - HIG v2.xlsx,reporting/bscr/reconcile/2026 BSCR - UKEU - HIG.xlsx,Schedule X(f),J21,5484921.6524404166,5698,"{""origin"": ""E21"", ""formula"": ""SUM(E19:E20)"", ""ref"": ""E21:M21""}","{""origin"": ""E21"", ""formula"": ""SUM(E19:E20)"", ""ref"": ""E21:M21""}"
HIG,reporting/bscr/reconcile/filled in templates/2026 BSCR - UKEU - HIG v2.xlsx,reporting/bscr/reconcile/2026 BSCR - UKEU - HIG.xlsx,Schedule X(f),J28,5165233.4649841255,4493,,
HIG,reporting/bscr/reconcile/filled in templates/2026 BSCR - UKEU - HIG v2.xlsx,reporting/bscr/reconcile/2026 BSCR - UKEU - HIG.xlsx,Schedule X(f),J29,,155,,
HIG,reporting/bscr/reconcile/filled in templates/2026 BSCR - UKEU - HIG v2.xlsx,reporting/bscr/reconcile/2026 BSCR - UKEU - HIG.xlsx,Schedule X(f),J33,5165233.4649841255,4648,"{""origin"": ""E33"", ""formula"": ""SUM(E28:E32)"", ""ref"": ""E33:M33""}","{""origin"": ""E33"", ""formula"": ""SUM(E28:E32)"", ""ref"": ""E33:M33""}"
HIG,reporting/bscr/reconcile/filled in templates/2026 BSCR - UKEU - HIG v2.xlsx,reporting/bscr/reconcile/2026 BSCR - UKEU - HIG.xlsx,Schedule X(f),J43,319688.18745629099,367,,
HIG,reporting/bscr/reconcile/filled in templates/2026 BSCR - UKEU - HIG v2.xlsx,reporting/bscr/reconcile/2026 BSCR - UKEU - HIG.xlsx,Schedule X(f),J44,,0,,
HIG,reporting/bscr/reconcile/filled in templates/2026 BSCR - UKEU - HIG v2.xlsx,reporting/bscr/reconcile/2026 BSCR - UKEU - HIG.xlsx,Schedule X(f),J45,,684,,
HIG,reporting/bscr/reconcile/filled in templates/2026 BSCR - UKEU - HIG v2.xlsx,reporting/bscr/reconcile/2026 BSCR - UKEU - HIG.xlsx,Schedule X(f),J46,319688.18745629099,1051,"{""origin"": ""E46"", ""formula"": ""SUM(E43:E45)"", ""ref"": ""E46:M46""}","{""origin"": ""E46"", ""formula"": ""SUM(E43:E45)"", ""ref"": ""E46:M46""}"
HIG,reporting/bscr/reconcile/filled in templates/2026 BSCR - UKEU - HIG v2.xlsx,reporting/bscr/reconcile/2026 BSCR - UKEU - HIG.xlsx,Schedule X(f),J60,319688.18745629099,0,,
HIG,reporting/bscr/reconcile/filled in templates/2026 BSCR - UKEU - HIG v2.xlsx,reporting/bscr/reconcile/2026 BSCR - UKEU - HIG.xlsx,Schedule X(f),J61,,1706.1835880000001,,
HIG,reporting/bscr/reconcile/filled in templates/2026 BSCR - UKEU - HIG v2.xlsx,reporting/bscr/reconcile/2026 BSCR - UKEU - HIG.xlsx,Schedule X(f),J62,,0,,
HIG,reporting/bscr/reconcile/filled in templates/2026 BSCR - UKEU - HIG v2.xlsx,reporting/bscr/reconcile/2026 BSCR - UKEU - HIG.xlsx,Schedule X(f),J63,,0,,
HIG,reporting/bscr/reconcile/filled in templates/2026 BSCR - UKEU - HIG v2.xlsx,reporting/bscr/reconcile/2026 BSCR - UKEU - HIG.xlsx,Schedule X(f),J64,319688.18745629099,1706.1835880000001,"{""origin"": ""E64"", ""formula"": ""SUM(E60:E63)"", ""ref"": ""E64:M64""}","{""origin"": ""E64"", ""formula"": ""SUM(E60:E63)"", ""ref"": ""E64:M64""}"
HIG,reporting/bscr/reconcile/filled in templates/2026 BSCR - UKEU - HIG v2.xlsx,reporting/bscr/reconcile/2026 BSCR - UKEU - HIG.xlsx,Schedule X(f),K10,1915,1533,H10+E10,H10+E10
HIG,reporting/bscr/reconcile/filled in templates/2026 BSCR - UKEU - HIG v2.xlsx,reporting/bscr/reconcile/2026 BSCR - UKEU - HIG.xlsx,Schedule X(f),K11,55,437,"{""origin"": ""K10"", ""formula"": ""H10+E10"", ""ref"": ""K10:M11""}","{""origin"": ""K10"", ""formula"": ""H10+E10"", ""ref"": ""K10:M11""}"
HIG,reporting/bscr/reconcile/filled in templates/2026 BSCR - UKEU - HIG v2.xlsx,reporting/bscr/reconcile/2026 BSCR - UKEU - HIG.xlsx,Schedule X(f),K19,1915,1225,H19+E19,H19+E19
HIG,reporting/bscr/reconcile/filled in templates/2026 BSCR - UKEU - HIG v2.xlsx,reporting/bscr/reconcile/2026 BSCR - UKEU - HIG.xlsx,Schedule X(f),K20,55,308,"{""origin"": ""K19"", ""formula"": ""H19+E19"", ""ref"": ""K19:L21""}","{""origin"": ""K19"", ""formula"": ""H19+E19"", ""ref"": ""K19:L21""}"
HIG,reporting/bscr/reconcile/filled in templates/2026 BSCR - UKEU - HIG v2.xlsx,reporting/bscr/reconcile/2026 BSCR - UKEU - HIG.xlsx,Schedule X(f),K21,1970,1533,"{""origin"": ""K19"", ""formula"": ""H19+E19"", ""ref"": ""K19:L21""}","{""origin"": ""K19"", ""formula"": ""H19+E19"", ""ref"": ""K19:L21""}"
HIG,reporting/bscr/reconcile/filled in templates/2026 BSCR - UKEU - HIG v2.xlsx,reporting/bscr/reconcile/2026 BSCR - UKEU - HIG.xlsx,Schedule X(f),K28,1915,952,H28+E28,H28+E28
HIG,reporting/bscr/reconcile/filled in templates/2026 BSCR - UKEU - HIG v2.xlsx,reporting/bscr/reconcile/2026 BSCR - UKEU - HIG.xlsx,Schedule X(f),K29,0,273,"{""origin"": ""K28"", ""formula"": ""H28+E28"", ""ref"": ""K28:L32""}","{""origin"": ""K28"", ""formula"": ""H28+E28"", ""ref"": ""K28:L32""}"
HIG,reporting/bscr/reconcile/filled in templates/2026 BSCR - UKEU - HIG v2.xlsx,reporting/bscr/reconcile/2026 BSCR - UKEU - HIG.xlsx,Schedule X(f),K33,1915,1225,"{""origin"": ""E33"", ""formula"": ""SUM(E28:E32)"", ""ref"": ""E33:M33""}","{""origin"": ""E33"", ""formula"": ""SUM(E28:E32)"", ""ref"": ""E33:M33""}"
HIG,reporting/bscr/reconcile/filled in templates/2026 BSCR - UKEU - HIG v2.xlsx,reporting/bscr/reconcile/2026 BSCR - UKEU - HIG.xlsx,Schedule X(f),K43,55,43,H43+E43,H43+E43
HIG,reporting/bscr/reconcile/filled in templates/2026 BSCR - UKEU - HIG v2.xlsx,reporting/bscr/reconcile/2026 BSCR - UKEU - HIG.xlsx,Schedule X(f),K45,0,265,"{""origin"": ""K43"", ""formula"": ""H43+E43"", ""ref"": ""K43:L45""}","{""origin"": ""K43"", ""formula"": ""H43+E43"", ""ref"": ""K43:L45""}"
HIG,reporting/bscr/reconcile/filled in templates/2026 BSCR - UKEU - HIG v2.xlsx,reporting/bscr/reconcile/2026 BSCR - UKEU - HIG.xlsx,Schedule X(f),K46,55,308,"{""origin"": ""E46"", ""formula"": ""SUM(E43:E45)"", ""ref"": ""E46:M46""}","{""origin"": ""E46"", ""formula"": ""SUM(E43:E45)"", ""ref"": ""E46:M46""}"
HIG,reporting/bscr/reconcile/filled in templates/2026 BSCR - UKEU - HIG v2.xlsx,reporting/bscr/reconcile/2026 BSCR - UKEU - HIG.xlsx,Schedule X(f),K60,55,0,H60+E60,H60+E60
HIG,reporting/bscr/reconcile/filled in templates/2026 BSCR - UKEU - HIG v2.xlsx,reporting/bscr/reconcile/2026 BSCR - UKEU - HIG.xlsx,Schedule X(f),K61,0,437,"{""origin"": ""K60"", ""formula"": ""H60+E60"", ""ref"": ""K60:L63""}","{""origin"": ""K60"", ""formula"": ""H60+E60"", ""ref"": ""K60:L63""}"
HIG,reporting/bscr/reconcile/filled in templates/2026 BSCR - UKEU - HIG v2.xlsx,reporting/bscr/reconcile/2026 BSCR - UKEU - HIG.xlsx,Schedule X(f),K64,55,437,"{""origin"": ""E64"", ""formula"": ""SUM(E60:E63)"", ""ref"": ""E64:M64""}","{""origin"": ""E64"", ""formula"": ""SUM(E60:E63)"", ""ref"": ""E64:M64""}"
HIG,reporting/bscr/reconcile/filled in templates/2026 BSCR - UKEU - HIG v2.xlsx,reporting/bscr/reconcile/2026 BSCR - UKEU - HIG.xlsx,Schedule X(f),L10,7347517.2142083505,9004,"{""origin"": ""K10"", ""formula"": ""H10+E10"", ""ref"": ""K10:M11""}","{""origin"": ""K10"", ""formula"": ""H10+E10"", ""ref"": ""K10:M11""}"
HIG,reporting/bscr/reconcile/filled in templates/2026 BSCR - UKEU - HIG v2.xlsx,reporting/bscr/reconcile/2026 BSCR - UKEU - HIG.xlsx,Schedule X(f),L11,699027.30474033591,1858,"{""origin"": ""K10"", ""formula"": ""H10+E10"", ""ref"": ""K10:M11""}","{""origin"": ""K10"", ""formula"": ""H10+E10"", ""ref"": ""K10:M11""}"
HIG,reporting/bscr/reconcile/filled in templates/2026 BSCR - UKEU - HIG v2.xlsx,reporting/bscr/reconcile/2026 BSCR - UKEU - HIG.xlsx,Schedule X(f),L12,8046544.5189486863,10862,I12+F12,I12+F12
HIG,reporting/bscr/reconcile/filled in templates/2026 BSCR - UKEU - HIG v2.xlsx,reporting/bscr/reconcile/2026 BSCR - UKEU - HIG.xlsx,Schedule X(f),L19,7347517.2142083505,7379,"{""origin"": ""K19"", ""formula"": ""H19+E19"", ""ref"": ""K19:L21""}","{""origin"": ""K19"", ""formula"": ""H19+E19"", ""ref"": ""K19:L21""}"
HIG,reporting/bscr/reconcile/filled in templates/2026 BSCR - UKEU - HIG v2.xlsx,reporting/bscr/reconcile/2026 BSCR - UKEU - HIG.xlsx,Schedule X(f),L20,699027.30474033591,1626,"{""origin"": ""K19"", ""formula"": ""H19+E19"", ""ref"": ""K19:L21""}","{""origin"": ""K19"", ""formula"": ""H19+E19"", ""ref"": ""K19:L21""}"
HIG,reporting/bscr/reconcile/filled in templates/2026 BSCR - UKEU - HIG v2.xlsx,reporting/bscr/reconcile/2026 BSCR - UKEU - HIG.xlsx,Schedule X(f),L21,8046544.5189486863,9005,"{""origin"": ""K19"", ""formula"": ""H19+E19"", ""ref"": ""K19:L21""}","{""origin"": ""K19"", ""formula"": ""H19+E19"", ""ref"": ""K19:L21""}"
HIG,reporting/bscr/reconcile/filled in templates/2026 BSCR - UKEU - HIG v2.xlsx,reporting/bscr/reconcile/2026 BSCR - UKEU - HIG.xlsx,Schedule X(f),L28,7347517.2142083505,5897,"{""origin"": ""K28"", ""formula"": ""H28+E28"", ""ref"": ""K28:L32""}","{""origin"": ""K28"", ""formula"": ""H28+E28"", ""ref"": ""K28:L32""}"
HIG,reporting/bscr/reconcile/filled in templates/2026 BSCR - UKEU - HIG v2.xlsx,reporting/bscr/reconcile/2026 BSCR - UKEU - HIG.xlsx,Schedule X(f),L29,0,1481.7851989999999,"{""origin"": ""K28"", ""formula"": ""H28+E28"", ""ref"": ""K28:L32""}","{""origin"": ""K28"", ""formula"": ""H28+E28"", ""ref"": ""K28:L32""}"
HIG,reporting/bscr/reconcile/filled in templates/2026 BSCR - UKEU - HIG v2.xlsx,reporting/bscr/reconcile/2026 BSCR - UKEU - HIG.xlsx,Schedule X(f),L33,7347517.2142083505,7378.7851989999999,I33+F33,I33+F33
HIG,reporting/bscr/reconcile/filled in templates/2026 BSCR - UKEU - HIG v2.xlsx,reporting/bscr/reconcile/2026 BSCR - UKEU - HIG.xlsx,Schedule X(f),L43,699027.30474033591,878,"{""origin"": ""K43"", ""formula"": ""H43+E43"", ""ref"": ""K43:L45""}","{""origin"": ""K43"", ""formula"": ""H43+E43"", ""ref"": ""K43:L45""}"
HIG,reporting/bscr/reconcile/filled in templates/2026 BSCR - UKEU - HIG v2.xlsx,reporting/bscr/reconcile/2026 BSCR - UKEU - HIG.xlsx,Schedule X(f),L45,0,748,"{""origin"": ""K43"", ""formula"": ""H43+E43"", ""ref"": ""K43:L45""}","{""origin"": ""K43"", ""formula"": ""H43+E43"", ""ref"": ""K43:L45""}"
HIG,reporting/bscr/reconcile/filled in templates/2026 BSCR - UKEU - HIG v2.xlsx,reporting/bscr/reconcile/2026 BSCR - UKEU - HIG.xlsx,Schedule X(f),L46,699027.30474033591,1626,I46+F46,I46+F46
HIG,reporting/bscr/reconcile/filled in templates/2026 BSCR - UKEU - HIG v2.xlsx,reporting/bscr/reconcile/2026 BSCR - UKEU - HIG.xlsx,Schedule X(f),L60,699027.30474033591,0,"{""origin"": ""K60"", ""formula"": ""H60+E60"", ""ref"": ""K60:L63""}","{""origin"": ""K60"", ""formula"": ""H60+E60"", ""ref"": ""K60:L63""}"
HIG,reporting/bscr/reconcile/filled in templates/2026 BSCR - UKEU - HIG v2.xlsx,reporting/bscr/reconcile/2026 BSCR - UKEU - HIG.xlsx,Schedule X(f),L61,0,1858.385274,"{""origin"": ""K60"", ""formula"": ""H60+E60"", ""ref"": ""K60:L63""}","{""origin"": ""K60"", ""formula"": ""H60+E60"", ""ref"": ""K60:L63""}"
HIG,reporting/bscr/reconcile/filled in templates/2026 BSCR - UKEU - HIG v2.xlsx,reporting/bscr/reconcile/2026 BSCR - UKEU - HIG.xlsx,Schedule X(f),L64,699027.30474033591,1858.385274,I64+F64,I64+F64
HIG,reporting/bscr/reconcile/filled in templates/2026 BSCR - UKEU - HIG v2.xlsx,reporting/bscr/reconcile/2026 BSCR - UKEU - HIG.xlsx,Schedule X(f),M10,5831772.7773838798,6716,"{""origin"": ""K10"", ""formula"": ""H10+E10"", ""ref"": ""K10:M11""}","{""origin"": ""K10"", ""formula"": ""H10+E10"", ""ref"": ""K10:M11""}"
HIG,reporting/bscr/reconcile/filled in templates/2026 BSCR - UKEU - HIG v2.xlsx,reporting/bscr/reconcile/2026 BSCR - UKEU - HIG.xlsx,Schedule X(f),M11,406962.151025459,1706,"{""origin"": ""K10"", ""formula"": ""H10+E10"", ""ref"": ""K10:M11""}","{""origin"": ""K10"", ""formula"": ""H10+E10"", ""ref"": ""K10:M11""}"
HIG,reporting/bscr/reconcile/filled in templates/2026 BSCR - UKEU - HIG v2.xlsx,reporting/bscr/reconcile/2026 BSCR - UKEU - HIG.xlsx,Schedule X(f),M12,6238734.9284093389,8422,"{""origin"": ""E12"", ""formula"": ""SUM(E10:E11)"", ""ref"": ""E12:M12""}","{""origin"": ""E12"", ""formula"": ""SUM(E10:E11)"", ""ref"": ""E12:M12""}"
HIG,reporting/bscr/reconcile/filled in templates/2026 BSCR - UKEU - HIG v2.xlsx,reporting/bscr/reconcile/2026 BSCR - UKEU - HIG.xlsx,Schedule X(f),M19,5831772.7773838798,5547,J19+G19,J19+G19
HIG,reporting/bscr/reconcile/filled in templates/2026 BSCR - UKEU - HIG v2.xlsx,reporting/bscr/reconcile/2026 BSCR - UKEU - HIG.xlsx,Schedule X(f),M20,406962.151025459,1169,J20+G20,J20+G20
HIG,reporting/bscr/reconcile/filled in templates/2026 BSCR - UKEU - HIG v2.xlsx,reporting/bscr/reconcile/2026 BSCR - UKEU - HIG.xlsx,Schedule X(f),M21,6238734.9284093389,6716,"{""origin"": ""E21"", ""formula"": ""SUM(E19:E20)"", ""ref"": ""E21:M21""}","{""origin"": ""E21"", ""formula"": ""SUM(E19:E20)"", ""ref"": ""E21:M21""}"
HIG,reporting/bscr/reconcile/filled in templates/2026 BSCR - UKEU - HIG v2.xlsx,reporting/bscr/reconcile/2026 BSCR - UKEU - HIG.xlsx,Schedule X(f),M28,5831772.7773838798,4493,J28+G28,J28+G28
HIG,reporting/bscr/reconcile/filled in templates/2026 BSCR - UKEU - HIG v2.xlsx,reporting/bscr/reconcile/2026 BSCR - UKEU - HIG.xlsx,Schedule X(f),M29,0,1054.8280717,J29+G29,J29+G29
HIG,reporting/bscr/reconcile/filled in templates/2026 BSCR - UKEU - HIG v2.xlsx,reporting/bscr/reconcile/2026 BSCR - UKEU - HIG.xlsx,Schedule X(f),M33,5831772.7773838798,5547.8280716999998,"{""origin"": ""E33"", ""formula"": ""SUM(E28:E32)"", ""ref"": ""E33:M33""}","{""origin"": ""E33"", ""formula"": ""SUM(E28:E32)"", ""ref"": ""E33:M33""}"
HIG,reporting/bscr/reconcile/filled in templates/2026 BSCR - UKEU - HIG v2.xlsx,reporting/bscr/reconcile/2026 BSCR - UKEU - HIG.xlsx,Schedule X(f),M43,406962.151025459,485,J43+G43,J43+G43
HIG,reporting/bscr/reconcile/filled in templates/2026 BSCR - UKEU - HIG v2.xlsx,reporting/bscr/reconcile/2026 BSCR - UKEU - HIG.xlsx,Schedule X(f),M45,0,684,J45+G45,J45+G45
HIG,reporting/bscr/reconcile/filled in templates/2026 BSCR - UKEU - HIG v2.xlsx,reporting/bscr/reconcile/2026 BSCR - UKEU - HIG.xlsx,Schedule X(f),M46,406962.151025459,1169,"{""origin"": ""E46"", ""formula"": ""SUM(E43:E45)"", ""ref"": ""E46:M46""}","{""origin"": ""E46"", ""formula"": ""SUM(E43:E45)"", ""ref"": ""E46:M46""}"
HIG,reporting/bscr/reconcile/filled in templates/2026 BSCR - UKEU - HIG v2.xlsx,reporting/bscr/reconcile/2026 BSCR - UKEU - HIG.xlsx,Schedule X(f),M60,406962.151025459,0,J60+G60,J60+G60
HIG,reporting/bscr/reconcile/filled in templates/2026 BSCR - UKEU - HIG v2.xlsx,reporting/bscr/reconcile/2026 BSCR - UKEU - HIG.xlsx,Schedule X(f),M61,0,1706.1835880000001,J61+G61,J61+G61
HIG,reporting/bscr/reconcile/filled in templates/2026 BSCR - UKEU - HIG v2.xlsx,reporting/bscr/reconcile/2026 BSCR - UKEU - HIG.xlsx,Schedule X(f),M64,406962.151025459,1706.1835880000001,"{""origin"": ""E64"", ""formula"": ""SUM(E60:E63)"", ""ref"": ""E64:M64""}","{""origin"": ""E64"", ""formula"": ""SUM(E60:E63)"", ""ref"": ""E64:M64""}"
HSA,reporting/bscr/reconcile/filled in templates/2026 BSCR - UKEU - HSA.xlsx,reporting/bscr/reconcile/filled in templates/2026 BSCR - UKEU - HSA v2.xlsx,Schedule X(a),E25,77304086.049454704,77211907.517557696,,
HSA,reporting/bscr/reconcile/filled in templates/2026 BSCR - UKEU - HSA.xlsx,reporting/bscr/reconcile/filled in templates/2026 BSCR - UKEU - HSA v2.xlsx,Schedule X(a),E26,,349291.12870018999,,
HSA,reporting/bscr/reconcile/filled in templates/2026 BSCR - UKEU - HSA.xlsx,reporting/bscr/reconcile/filled in templates/2026 BSCR - UKEU - HSA v2.xlsx,Schedule X(a),J25,75607486.911052004,75515308.379154906,,
HSA,reporting/bscr/reconcile/filled in templates/2026 BSCR - UKEU - HSA.xlsx,reporting/bscr/reconcile/filled in templates/2026 BSCR - UKEU - HSA v2.xlsx,Schedule X(a),J26,,349291.12870018999,,
HSA,reporting/bscr/reconcile/filled in templates/2026 BSCR - UKEU - HSA.xlsx,reporting/bscr/reconcile/filled in templates/2026 BSCR - UKEU - HSA v2.xlsx,Schedule X(b),E27,77304086.049454704,77211907.517557696,,
HSA,reporting/bscr/reconcile/filled in templates/2026 BSCR - UKEU - HSA.xlsx,reporting/bscr/reconcile/filled in templates/2026 BSCR - UKEU - HSA v2.xlsx,Schedule X(b),E28,0,349291.12870018999,[3]Import!G4102,
HSA,reporting/bscr/reconcile/filled in templates/2026 BSCR - UKEU - HSA.xlsx,reporting/bscr/reconcile/filled in templates/2026 BSCR - UKEU - HSA v2.xlsx,Schedule X(b),J27,75607486.911052004,75515308.379154906,,
HSA,reporting/bscr/reconcile/filled in templates/2026 BSCR - UKEU - HSA.xlsx,reporting/bscr/reconcile/filled in templates/2026 BSCR - UKEU - HSA v2.xlsx,Schedule X(b),J28,0,349291.12870018999,[3]Import!G4113,
HSA,reporting/bscr/reconcile/filled in templates/2026 BSCR - UKEU - HSA.xlsx,reporting/bscr/reconcile/filled in templates/2026 BSCR - UKEU - HSA v2.xlsx,Schedule X(c),E71,56027403.560610004,56095320.790210195,,
HSA,reporting/bscr/reconcile/filled in templates/2026 BSCR - UKEU - HSA.xlsx,reporting/bscr/reconcile/filled in templates/2026 BSCR - UKEU - HSA v2.xlsx,Schedule X(c),F71,54747452.6454551,54815369.875055291,,
HSA,reporting/bscr/reconcile/filled in templates/2026 BSCR - UKEU - HSA.xlsx,reporting/bscr/reconcile/filled in templates/2026 BSCR - UKEU - HSA v2.xlsx,Schedule X(f),H10,89947,89775,,
HSA,reporting/bscr/reconcile/filled in templates/2026 BSCR - UKEU - HSA.xlsx,reporting/bscr/reconcile/filled in templates/2026 BSCR - UKEU - HSA v2.xlsx,Schedule X(f),H11,,201,,
HSA,reporting/bscr/reconcile/filled in templates/2026 BSCR - UKEU - HSA.xlsx,reporting/bscr/reconcile/filled in templates/2026 BSCR - UKEU - HSA v2.xlsx,Schedule X(f),H12,89947,89976,"{""origin"": ""E12"", ""formula"": ""SUM(E10:E11)"", ""ref"": ""E12:M12""}","{""origin"": ""E12"", ""formula"": ""SUM(E10:E11)"", ""ref"": ""E12:M12""}"
HSA,reporting/bscr/reconcile/filled in templates/2026 BSCR - UKEU - HSA.xlsx,reporting/bscr/reconcile/filled in templates/2026 BSCR - UKEU - HSA v2.xlsx,Schedule X(f),H19,89947,89775,,
HSA,reporting/bscr/reconcile/filled in templates/2026 BSCR - UKEU - HSA.xlsx,reporting/bscr/reconcile/filled in templates/2026 BSCR - UKEU - HSA v2.xlsx,Schedule X(f),H20,,201,,
HSA,reporting/bscr/reconcile/filled in templates/2026 BSCR - UKEU - HSA.xlsx,reporting/bscr/reconcile/filled in templates/2026 BSCR - UKEU - HSA v2.xlsx,Schedule X(f),H21,89947,89976,"{""origin"": ""E21"", ""formula"": ""SUM(E19:E20)"", ""ref"": ""E21:M21""}","{""origin"": ""E21"", ""formula"": ""SUM(E19:E20)"", ""ref"": ""E21:M21""}"
HSA,reporting/bscr/reconcile/filled in templates/2026 BSCR - UKEU - HSA.xlsx,reporting/bscr/reconcile/filled in templates/2026 BSCR - UKEU - HSA v2.xlsx,Schedule X(f),H28,89947,89775,,
HSA,reporting/bscr/reconcile/filled in templates/2026 BSCR - UKEU - HSA.xlsx,reporting/bscr/reconcile/filled in templates/2026 BSCR - UKEU - HSA v2.xlsx,Schedule X(f),H33,89947,89775,"{""origin"": ""E33"", ""formula"": ""SUM(E28:E32)"", ""ref"": ""E33:M33""}","{""origin"": ""E33"", ""formula"": ""SUM(E28:E32)"", ""ref"": ""E33:M33""}"
HSA,reporting/bscr/reconcile/filled in templates/2026 BSCR - UKEU - HSA.xlsx,reporting/bscr/reconcile/filled in templates/2026 BSCR - UKEU - HSA v2.xlsx,Schedule X(f),H43,,201,,
HSA,reporting/bscr/reconcile/filled in templates/2026 BSCR - UKEU - HSA.xlsx,reporting/bscr/reconcile/filled in templates/2026 BSCR - UKEU - HSA v2.xlsx,Schedule X(f),H46,0,201,"{""origin"": ""E46"", ""formula"": ""SUM(E43:E45)"", ""ref"": ""E46:M46""}","{""origin"": ""E46"", ""formula"": ""SUM(E43:E45)"", ""ref"": ""E46:M46""}"
HSA,reporting/bscr/reconcile/filled in templates/2026 BSCR - UKEU - HSA.xlsx,reporting/bscr/reconcile/filled in templates/2026 BSCR - UKEU - HSA v2.xlsx,Schedule X(f),H60,,201,,
HSA,reporting/bscr/reconcile/filled in templates/2026 BSCR - UKEU - HSA.xlsx,reporting/bscr/reconcile/filled in templates/2026 BSCR - UKEU - HSA v2.xlsx,Schedule X(f),H64,0,201,"{""origin"": ""E64"", ""formula"": ""SUM(E60:E63)"", ""ref"": ""E64:M64""}","{""origin"": ""E64"", ""formula"": ""SUM(E60:E63)"", ""ref"": ""E64:M64""}"
HSA,reporting/bscr/reconcile/filled in templates/2026 BSCR - UKEU - HSA.xlsx,reporting/bscr/reconcile/filled in templates/2026 BSCR - UKEU - HSA v2.xlsx,Schedule X(f),I10,77202311.690638751,77110133.158741742,,
HSA,reporting/bscr/reconcile/filled in templates/2026 BSCR - UKEU - HSA.xlsx,reporting/bscr/reconcile/filled in templates/2026 BSCR - UKEU - HSA v2.xlsx,Schedule X(f),I11,,349291.12870018999,,
HSA,reporting/bscr/reconcile/filled in templates/2026 BSCR - UKEU - HSA.xlsx,reporting/bscr/reconcile/filled in templates/2026 BSCR - UKEU - HSA v2.xlsx,Schedule X(f),I12,77202311.690638751,77459424.287441939,"{""origin"": ""E12"", ""formula"": ""SUM(E10:E11)"", ""ref"": ""E12:M12""}","{""origin"": ""E12"", ""formula"": ""SUM(E10:E11)"", ""ref"": ""E12:M12""}"
HSA,reporting/bscr/reconcile/filled in templates/2026 BSCR - UKEU - HSA.xlsx,reporting/bscr/reconcile/filled in templates/2026 BSCR - UKEU - HSA v2.xlsx,Schedule X(f),I19,77202311.690638751,77110133.158741742,,
HSA,reporting/bscr/reconcile/filled in templates/2026 BSCR - UKEU - HSA.xlsx,reporting/bscr/reconcile/filled in templates/2026 BSCR - UKEU - HSA v2.xlsx,Schedule X(f),I20,,349291.12870018999,,
HSA,reporting/bscr/reconcile/filled in templates/2026 BSCR - UKEU - HSA.xlsx,reporting/bscr/reconcile/filled in templates/2026 BSCR - UKEU - HSA v2.xlsx,Schedule X(f),I21,77202311.690638751,77459424.287441939,"{""origin"": ""E21"", ""formula"": ""SUM(E19:E20)"", ""ref"": ""E21:M21""}","{""origin"": ""E21"", ""formula"": ""SUM(E19:E20)"", ""ref"": ""E21:M21""}"
HSA,reporting/bscr/reconcile/filled in templates/2026 BSCR - UKEU - HSA.xlsx,reporting/bscr/reconcile/filled in templates/2026 BSCR - UKEU - HSA v2.xlsx,Schedule X(f),I28,77202311.690638751,77110133.158741742,,
HSA,reporting/bscr/reconcile/filled in templates/2026 BSCR - UKEU - HSA.xlsx,reporting/bscr/reconcile/filled in templates/2026 BSCR - UKEU - HSA v2.xlsx,Schedule X(f),I33,77202311.690638751,77110133.158741742,"{""origin"": ""E33"", ""formula"": ""SUM(E28:E32)"", ""ref"": ""E33:M33""}","{""origin"": ""E33"", ""formula"": ""SUM(E28:E32)"", ""ref"": ""E33:M33""}"
HSA,reporting/bscr/reconcile/filled in templates/2026 BSCR - UKEU - HSA.xlsx,reporting/bscr/reconcile/filled in templates/2026 BSCR - UKEU - HSA v2.xlsx,Schedule X(f),I43,,349291.12870018999,,
HSA,reporting/bscr/reconcile/filled in templates/2026 BSCR - UKEU - HSA.xlsx,reporting/bscr/reconcile/filled in templates/2026 BSCR - UKEU - HSA v2.xlsx,Schedule X(f),I46,0,349291.12870018999,"{""origin"": ""E46"", ""formula"": ""SUM(E43:E45)"", ""ref"": ""E46:M46""}","{""origin"": ""E46"", ""formula"": ""SUM(E43:E45)"", ""ref"": ""E46:M46""}"
HSA,reporting/bscr/reconcile/filled in templates/2026 BSCR - UKEU - HSA.xlsx,reporting/bscr/reconcile/filled in templates/2026 BSCR - UKEU - HSA v2.xlsx,Schedule X(f),I60,,349291.12870018999,,
HSA,reporting/bscr/reconcile/filled in templates/2026 BSCR - UKEU - HSA.xlsx,reporting/bscr/reconcile/filled in templates/2026 BSCR - UKEU - HSA v2.xlsx,Schedule X(f),I64,0,349291.12870018999,"{""origin"": ""E64"", ""formula"": ""SUM(E60:E63)"", ""ref"": ""E64:M64""}","{""origin"": ""E64"", ""formula"": ""SUM(E60:E63)"", ""ref"": ""E64:M64""}"
HSA,reporting/bscr/reconcile/filled in templates/2026 BSCR - UKEU - HSA.xlsx,reporting/bscr/reconcile/filled in templates/2026 BSCR - UKEU - HSA v2.xlsx,Schedule X(f),J10,75506519.508236051,75414340.976338953,,
HSA,reporting/bscr/reconcile/filled in templates/2026 BSCR - UKEU - HSA.xlsx,reporting/bscr/reconcile/filled in templates/2026 BSCR - UKEU - HSA v2.xlsx,Schedule X(f),J11,,349291.12870018999,,
HSA,reporting/bscr/reconcile/filled in templates/2026 BSCR - UKEU - HSA.xlsx,reporting/bscr/reconcile/filled in templates/2026 BSCR - UKEU - HSA v2.xlsx,Schedule X(f),J12,75506519.508236051,75763632.10503915,"{""origin"": ""E12"", ""formula"": ""SUM(E10:E11)"", ""ref"": ""E12:M12""}","{""origin"": ""E12"", ""formula"": ""SUM(E10:E11)"", ""ref"": ""E12:M12""}"
HSA,reporting/bscr/reconcile/filled in templates/2026 BSCR - UKEU - HSA.xlsx,reporting/bscr/reconcile/filled in templates/2026 BSCR - UKEU - HSA v2.xlsx,Schedule X(f),J19,75506519.508236051,75414340.976338953,,
HSA,reporting/bscr/reconcile/filled in templates/2026 BSCR - UKEU - HSA.xlsx,reporting/bscr/reconcile/filled in templates/2026 BSCR - UKEU - HSA v2.xlsx,Schedule X(f),J20,,349291.12870018999,,
HSA,reporting/bscr/reconcile/filled in templates/2026 BSCR - UKEU - HSA.xlsx,reporting/bscr/reconcile/filled in templates/2026 BSCR - UKEU - HSA v2.xlsx,Schedule X(f),J21,75506519.508236051,75763632.10503915,"{""origin"": ""E21"", ""formula"": ""SUM(E19:E20)"", ""ref"": ""E21:M21""}","{""origin"": ""E21"", ""formula"": ""SUM(E19:E20)"", ""ref"": ""E21:M21""}"
HSA,reporting/bscr/reconcile/filled in templates/2026 BSCR - UKEU - HSA.xlsx,reporting/bscr/reconcile/filled in templates/2026 BSCR - UKEU - HSA v2.xlsx,Schedule X(f),J28,75506519.508236051,75414340.976338953,,
HSA,reporting/bscr/reconcile/filled in templates/2026 BSCR - UKEU - HSA.xlsx,reporting/bscr/reconcile/filled in templates/2026 BSCR - UKEU - HSA v2.xlsx,Schedule X(f),J33,75506519.508236051,75414340.976338953,"{""origin"": ""E33"", ""formula"": ""SUM(E28:E32)"", ""ref"": ""E33:M33""}","{""origin"": ""E33"", ""formula"": ""SUM(E28:E32)"", ""ref"": ""E33:M33""}"
HSA,reporting/bscr/reconcile/filled in templates/2026 BSCR - UKEU - HSA.xlsx,reporting/bscr/reconcile/filled in templates/2026 BSCR - UKEU - HSA v2.xlsx,Schedule X(f),J43,,349291.12870018999,,
HSA,reporting/bscr/reconcile/filled in templates/2026 BSCR - UKEU - HSA.xlsx,reporting/bscr/reconcile/filled in templates/2026 BSCR - UKEU - HSA v2.xlsx,Schedule X(f),J46,0,349291.12870018999,"{""origin"": ""E46"", ""formula"": ""SUM(E43:E45)"", ""ref"": ""E46:M46""}","{""origin"": ""E46"", ""formula"": ""SUM(E43:E45)"", ""ref"": ""E46:M46""}"
HSA,reporting/bscr/reconcile/filled in templates/2026 BSCR - UKEU - HSA.xlsx,reporting/bscr/reconcile/filled in templates/2026 BSCR - UKEU - HSA v2.xlsx,Schedule X(f),J60,,349291.12870018999,,
HSA,reporting/bscr/reconcile/filled in templates/2026 BSCR - UKEU - HSA.xlsx,reporting/bscr/reconcile/filled in templates/2026 BSCR - UKEU - HSA v2.xlsx,Schedule X(f),J64,0,349291.12870018999,"{""origin"": ""E64"", ""formula"": ""SUM(E60:E63)"", ""ref"": ""E64:M64""}","{""origin"": ""E64"", ""formula"": ""SUM(E60:E63)"", ""ref"": ""E64:M64""}"
HSA,reporting/bscr/reconcile/filled in templates/2026 BSCR - UKEU - HSA.xlsx,reporting/bscr/reconcile/filled in templates/2026 BSCR - UKEU - HSA v2.xlsx,Schedule X(f),K10,90023,89851,H10+E10,H10+E10
HSA,reporting/bscr/reconcile/filled in templates/2026 BSCR - UKEU - HSA.xlsx,reporting/bscr/reconcile/filled in templates/2026 BSCR - UKEU - HSA v2.xlsx,Schedule X(f),K11,0,201,"{""origin"": ""K10"", ""formula"": ""H10+E10"", ""ref"": ""K10:M11""}","{""origin"": ""K10"", ""formula"": ""H10+E10"", ""ref"": ""K10:M11""}"
HSA,reporting/bscr/reconcile/filled in templates/2026 BSCR - UKEU - HSA.xlsx,reporting/bscr/reconcile/filled in templates/2026 BSCR - UKEU - HSA v2.xlsx,Schedule X(f),K12,90023,90052,"{""origin"": ""E12"", ""formula"": ""SUM(E10:E11)"", ""ref"": ""E12:M12""}","{""origin"": ""E12"", ""formula"": ""SUM(E10:E11)"", ""ref"": ""E12:M12""}"
HSA,reporting/bscr/reconcile/filled in templates/2026 BSCR - UKEU - HSA.xlsx,reporting/bscr/reconcile/filled in templates/2026 BSCR - UKEU - HSA v2.xlsx,Schedule X(f),K19,90023,89851,H19+E19,H19+E19
HSA,reporting/bscr/reconcile/filled in templates/2026 BSCR - UKEU - HSA.xlsx,reporting/bscr/reconcile/filled in templates/2026 BSCR - UKEU - HSA v2.xlsx,Schedule X(f),K20,0,201,"{""origin"": ""K19"", ""formula"": ""H19+E19"", ""ref"": ""K19:L21""}","{""origin"": ""K19"", ""formula"": ""H19+E19"", ""ref"": ""K19:L21""}"
HSA,reporting/bscr/reconcile/filled in templates/2026 BSCR - UKEU - HSA.xlsx,reporting/bscr/reconcile/filled in templates/2026 BSCR - UKEU - HSA v2.xlsx,Schedule X(f),K21,90023,90052,"{""origin"": ""K19"", ""formula"": ""H19+E19"", ""ref"": ""K19:L21""}","{""origin"": ""K19"", ""formula"": ""H19+E19"", ""ref"": ""K19:L21""}"
HSA,reporting/bscr/reconcile/filled in templates/2026 BSCR - UKEU - HSA.xlsx,reporting/bscr/reconcile/filled in templates/2026 BSCR - UKEU - HSA v2.xlsx,Schedule X(f),K28,90023,89851,H28+E28,H28+E28
HSA,reporting/bscr/reconcile/filled in templates/2026 BSCR - UKEU - HSA.xlsx,reporting/bscr/reconcile/filled in templates/2026 BSCR - UKEU - HSA v2.xlsx,Schedule X(f),K33,90023,89851,"{""origin"": ""E33"", ""formula"": ""SUM(E28:E32)"", ""ref"": ""E33:M33""}","{""origin"": ""E33"", ""formula"": ""SUM(E28:E32)"", ""ref"": ""E33:M33""}"
HSA,reporting/bscr/reconcile/filled in templates/2026 BSCR - UKEU - HSA.xlsx,reporting/bscr/reconcile/filled in templates/2026 BSCR - UKEU - HSA v2.xlsx,Schedule X(f),K43,0,201,H43+E43,H43+E43
HSA,reporting/bscr/reconcile/filled in templates/2026 BSCR - UKEU - HSA.xlsx,reporting/bscr/reconcile/filled in templates/2026 BSCR - UKEU - HSA v2.xlsx,Schedule X(f),K46,0,201,"{""origin"": ""E46"", ""formula"": ""SUM(E43:E45)"", ""ref"": ""E46:M46""}","{""origin"": ""E46"", ""formula"": ""SUM(E43:E45)"", ""ref"": ""E46:M46""}"
HSA,reporting/bscr/reconcile/filled in templates/2026 BSCR - UKEU - HSA.xlsx,reporting/bscr/reconcile/filled in templates/2026 BSCR - UKEU - HSA v2.xlsx,Schedule X(f),K60,0,201,H60+E60,H60+E60
HSA,reporting/bscr/reconcile/filled in templates/2026 BSCR - UKEU - HSA.xlsx,reporting/bscr/reconcile/filled in templates/2026 BSCR - UKEU - HSA v2.xlsx,Schedule X(f),K64,0,201,"{""origin"": ""E64"", ""formula"": ""SUM(E60:E63)"", ""ref"": ""E64:M64""}","{""origin"": ""E64"", ""formula"": ""SUM(E60:E63)"", ""ref"": ""E64:M64""}"
HSA,reporting/bscr/reconcile/filled in templates/2026 BSCR - UKEU - HSA.xlsx,reporting/bscr/reconcile/filled in templates/2026 BSCR - UKEU - HSA v2.xlsx,Schedule X(f),L10,77304086.049454704,77211907.517557696,"{""origin"": ""K10"", ""formula"": ""H10+E10"", ""ref"": ""K10:M11""}","{""origin"": ""K10"", ""formula"": ""H10+E10"", ""ref"": ""K10:M11""}"
HSA,reporting/bscr/reconcile/filled in templates/2026 BSCR - UKEU - HSA.xlsx,reporting/bscr/reconcile/filled in templates/2026 BSCR - UKEU - HSA v2.xlsx,Schedule X(f),L11,0,349291.12870018999,"{""origin"": ""K10"", ""formula"": ""H10+E10"", ""ref"": ""K10:M11""}","{""origin"": ""K10"", ""formula"": ""H10+E10"", ""ref"": ""K10:M11""}"
HSA,reporting/bscr/reconcile/filled in templates/2026 BSCR - UKEU - HSA.xlsx,reporting/bscr/reconcile/filled in templates/2026 BSCR - UKEU - HSA v2.xlsx,Schedule X(f),L12,77304086.049454704,77561198.646257892,I12+F12,I12+F12
HSA,reporting/bscr/reconcile/filled in templates/2026 BSCR - UKEU - HSA.xlsx,reporting/bscr/reconcile/filled in templates/2026 BSCR - UKEU - HSA v2.xlsx,Schedule X(f),L19,77304086.049454704,77211907.517557696,"{""origin"": ""K19"", ""formula"": ""H19+E19"", ""ref"": ""K19:L21""}","{""origin"": ""K19"", ""formula"": ""H19+E19"", ""ref"": ""K19:L21""}"
HSA,reporting/bscr/reconcile/filled in templates/2026 BSCR - UKEU - HSA.xlsx,reporting/bscr/reconcile/filled in templates/2026 BSCR - UKEU - HSA v2.xlsx,Schedule X(f),L20,0,349291.12870018999,"{""origin"": ""K19"", ""formula"": ""H19+E19"", ""ref"": ""K19:L21""}","{""origin"": ""K19"", ""formula"": ""H19+E19"", ""ref"": ""K19:L21""}"
HSA,reporting/bscr/reconcile/filled in templates/2026 BSCR - UKEU - HSA.xlsx,reporting/bscr/reconcile/filled in templates/2026 BSCR - UKEU - HSA v2.xlsx,Schedule X(f),L21,77304086.049454704,77561198.646257892,"{""origin"": ""K19"", ""formula"": ""H19+E19"", ""ref"": ""K19:L21""}","{""origin"": ""K19"", ""formula"": ""H19+E19"", ""ref"": ""K19:L21""}"
HSA,reporting/bscr/reconcile/filled in templates/2026 BSCR - UKEU - HSA.xlsx,reporting/bscr/reconcile/filled in templates/2026 BSCR - UKEU - HSA v2.xlsx,Schedule X(f),L28,77304086.049454704,77211907.517557696,"{""origin"": ""K28"", ""formula"": ""H28+E28"", ""ref"": ""K28:L32""}","{""origin"": ""K28"", ""formula"": ""H28+E28"", ""ref"": ""K28:L32""}"
HSA,reporting/bscr/reconcile/filled in templates/2026 BSCR - UKEU - HSA.xlsx,reporting/bscr/reconcile/filled in templates/2026 BSCR - UKEU - HSA v2.xlsx,Schedule X(f),L33,77304086.049454704,77211907.517557696,I33+F33,I33+F33
HSA,reporting/bscr/reconcile/filled in templates/2026 BSCR - UKEU - HSA.xlsx,reporting/bscr/reconcile/filled in templates/2026 BSCR - UKEU - HSA v2.xlsx,Schedule X(f),L43,0,349291.12870018999,"{""origin"": ""K43"", ""formula"": ""H43+E43"", ""ref"": ""K43:L45""}","{""origin"": ""K43"", ""formula"": ""H43+E43"", ""ref"": ""K43:L45""}"
HSA,reporting/bscr/reconcile/filled in templates/2026 BSCR - UKEU - HSA.xlsx,reporting/bscr/reconcile/filled in templates/2026 BSCR - UKEU - HSA v2.xlsx,Schedule X(f),L46,0,349291.12870018999,I46+F46,I46+F46
HSA,reporting/bscr/reconcile/filled in templates/2026 BSCR - UKEU - HSA.xlsx,reporting/bscr/reconcile/filled in templates/2026 BSCR - UKEU - HSA v2.xlsx,Schedule X(f),L60,0,349291.12870018999,"{""origin"": ""K60"", ""formula"": ""H60+E60"", ""ref"": ""K60:L63""}","{""origin"": ""K60"", ""formula"": ""H60+E60"", ""ref"": ""K60:L63""}"
HSA,reporting/bscr/reconcile/filled in templates/2026 BSCR - UKEU - HSA.xlsx,reporting/bscr/reconcile/filled in templates/2026 BSCR - UKEU - HSA v2.xlsx,Schedule X(f),L64,0,349291.12870018999,I64+F64,I64+F64
HSA,reporting/bscr/reconcile/filled in templates/2026 BSCR - UKEU - HSA.xlsx,reporting/bscr/reconcile/filled in templates/2026 BSCR - UKEU - HSA v2.xlsx,Schedule X(f),M10,75607486.911052004,75515308.379154906,"{""origin"": ""K10"", ""formula"": ""H10+E10"", ""ref"": ""K10:M11""}","{""origin"": ""K10"", ""formula"": ""H10+E10"", ""ref"": ""K10:M11""}"
HSA,reporting/bscr/reconcile/filled in templates/2026 BSCR - UKEU - HSA.xlsx,reporting/bscr/reconcile/filled in templates/2026 BSCR - UKEU - HSA v2.xlsx,Schedule X(f),M11,0,349291.12870018999,"{""origin"": ""K10"", ""formula"": ""H10+E10"", ""ref"": ""K10:M11""}","{""origin"": ""K10"", ""formula"": ""H10+E10"", ""ref"": ""K10:M11""}"
HSA,reporting/bscr/reconcile/filled in templates/2026 BSCR - UKEU - HSA.xlsx,reporting/bscr/reconcile/filled in templates/2026 BSCR - UKEU - HSA v2.xlsx,Schedule X(f),M12,75607486.911052004,75864599.507855102,"{""origin"": ""E12"", ""formula"": ""SUM(E10:E11)"", ""ref"": ""E12:M12""}","{""origin"": ""E12"", ""formula"": ""SUM(E10:E11)"", ""ref"": ""E12:M12""}"
HSA,reporting/bscr/reconcile/filled in templates/2026 BSCR - UKEU - HSA.xlsx,reporting/bscr/reconcile/filled in templates/2026 BSCR - UKEU - HSA v2.xlsx,Schedule X(f),M19,75607486.911052004,75515308.379154906,J19+G19,J19+G19
HSA,reporting/bscr/reconcile/filled in templates/2026 BSCR - UKEU - HSA.xlsx,reporting/bscr/reconcile/filled in templates/2026 BSCR - UKEU - HSA v2.xlsx,Schedule X(f),M20,0,349291.12870018999,J20+G20,J20+G20
HSA,reporting/bscr/reconcile/filled in templates/2026 BSCR - UKEU - HSA.xlsx,reporting/bscr/reconcile/filled in templates/2026 BSCR - UKEU - HSA v2.xlsx,Schedule X(f),M21,75607486.911052004,75864599.507855102,"{""origin"": ""E21"", ""formula"": ""SUM(E19:E20)"", ""ref"": ""E21:M21""}","{""origin"": ""E21"", ""formula"": ""SUM(E19:E20)"", ""ref"": ""E21:M21""}"
HSA,reporting/bscr/reconcile/filled in templates/2026 BSCR - UKEU - HSA.xlsx,reporting/bscr/reconcile/filled in templates/2026 BSCR - UKEU - HSA v2.xlsx,Schedule X(f),M28,75607486.911052004,75515308.379154906,J28+G28,J28+G28
HSA,reporting/bscr/reconcile/filled in templates/2026 BSCR - UKEU - HSA.xlsx,reporting/bscr/reconcile/filled in templates/2026 BSCR - UKEU - HSA v2.xlsx,Schedule X(f),M33,75607486.911052004,75515308.379154906,"{""origin"": ""E33"", ""formula"": ""SUM(E28:E32)"", ""ref"": ""E33:M33""}","{""origin"": ""E33"", ""formula"": ""SUM(E28:E32)"", ""ref"": ""E33:M33""}"
HSA,reporting/bscr/reconcile/filled in templates/2026 BSCR - UKEU - HSA.xlsx,reporting/bscr/reconcile/filled in templates/2026 BSCR - UKEU - HSA v2.xlsx,Schedule X(f),M43,0,349291.12870018999,J43+G43,J43+G43
HSA,reporting/bscr/reconcile/filled in templates/2026 BSCR - UKEU - HSA.xlsx,reporting/bscr/reconcile/filled in templates/2026 BSCR - UKEU - HSA v2.xlsx,Schedule X(f),M46,0,349291.12870018999,"{""origin"": ""E46"", ""formula"": ""SUM(E43:E45)"", ""ref"": ""E46:M46""}","{""origin"": ""E46"", ""formula"": ""SUM(E43:E45)"", ""ref"": ""E46:M46""}"
HSA,reporting/bscr/reconcile/filled in templates/2026 BSCR - UKEU - HSA.xlsx,reporting/bscr/reconcile/filled in templates/2026 BSCR - UKEU - HSA v2.xlsx,Schedule X(f),M60,0,349291.12870018999,J60+G60,J60+G60
HSA,reporting/bscr/reconcile/filled in templates/2026 BSCR - UKEU - HSA.xlsx,reporting/bscr/reconcile/filled in templates/2026 BSCR - UKEU - HSA v2.xlsx,Schedule X(f),M64,0,349291.12870018999,"{""origin"": ""E64"", ""formula"": ""SUM(E60:E63)"", ""ref"": ""E64:M64""}","{""origin"": ""E64"", ""formula"": ""SUM(E60:E63)"", ""ref"": ""E64:M64""}"
HSA,reporting/bscr/reconcile/filled in templates/2026 BSCR - UKEU - HSA v2.xlsx,reporting/bscr/reconcile/2026 BSCR - UKEU - HSA.xlsx,Schedule X(a),E21,,276.77,,
HSA,reporting/bscr/reconcile/filled in templates/2026 BSCR - UKEU - HSA v2.xlsx,reporting/bscr/reconcile/2026 BSCR - UKEU - HSA.xlsx,Schedule X(a),E25,77211907.517557696,103950,,
HSA,reporting/bscr/reconcile/filled in templates/2026 BSCR - UKEU - HSA v2.xlsx,reporting/bscr/reconcile/2026 BSCR - UKEU - HSA.xlsx,Schedule X(a),E26,349291.12870018999,758,,
HSA,reporting/bscr/reconcile/filled in templates/2026 BSCR - UKEU - HSA v2.xlsx,reporting/bscr/reconcile/2026 BSCR - UKEU - HSA.xlsx,Schedule X(a),J21,,274.49,,
HSA,reporting/bscr/reconcile/filled in templates/2026 BSCR - UKEU - HSA v2.xlsx,reporting/bscr/reconcile/2026 BSCR - UKEU - HSA.xlsx,Schedule X(a),J25,75515308.379154906,101768,,
HSA,reporting/bscr/reconcile/filled in templates/2026 BSCR - UKEU - HSA v2.xlsx,reporting/bscr/reconcile/2026 BSCR - UKEU - HSA.xlsx,Schedule X(a),J26,349291.12870018999,649,,
HSA,reporting/bscr/reconcile/filled in templates/2026 BSCR - UKEU - HSA v2.xlsx,reporting/bscr/reconcile/2026 BSCR - UKEU - HSA.xlsx,Schedule X(b),E23,0,276.77,[3]Import!G4098,
HSA,reporting/bscr/reconcile/filled in templates/2026 BSCR - UKEU - HSA v2.xlsx,reporting/bscr/reconcile/2026 BSCR - UKEU - HSA.xlsx,Schedule X(b),E27,77211907.517557696,103950,,
HSA,reporting/bscr/reconcile/filled in templates/2026 BSCR - UKEU - HSA v2.xlsx,reporting/bscr/reconcile/2026 BSCR - UKEU - HSA.xlsx,Schedule X(b),E28,349291.12870018999,758,,
HSA,reporting/bscr/reconcile/filled in templates/2026 BSCR - UKEU - HSA v2.xlsx,reporting/bscr/reconcile/2026 BSCR - UKEU - HSA.xlsx,Schedule X(b),J23,0,274.49,[3]Import!G4109,
HSA,reporting/bscr/reconcile/filled in templates/2026 BSCR - UKEU - HSA v2.xlsx,reporting/bscr/reconcile/2026 BSCR - UKEU - HSA.xlsx,Schedule X(b),J27,75515308.379154906,101768,,
HSA,reporting/bscr/reconcile/filled in templates/2026 BSCR - UKEU - HSA v2.xlsx,reporting/bscr/reconcile/2026 BSCR - UKEU - HSA.xlsx,Schedule X(b),J28,349291.12870018999,649,,
HSA,reporting/bscr/reconcile/filled in templates/2026 BSCR - UKEU - HSA v2.xlsx,reporting/bscr/reconcile/2026 BSCR - UKEU - HSA.xlsx,Schedule X(c),E113,,7.0000000000000007E-2,,
HSA,reporting/bscr/reconcile/filled in templates/2026 BSCR - UKEU - HSA v2.xlsx,reporting/bscr/reconcile/2026 BSCR - UKEU - HSA.xlsx,Schedule X(c),E115,20201.0808,27.271459080000003,,
HSA,reporting/bscr/reconcile/filled in templates/2026 BSCR - UKEU - HSA v2.xlsx,reporting/bscr/reconcile/2026 BSCR - UKEU - HSA.xlsx,Schedule X(c),E25,,0.36,,
HSA,reporting/bscr/reconcile/filled in templates/2026 BSCR - UKEU - HSA v2.xlsx,reporting/bscr/reconcile/2026 BSCR - UKEU - HSA.xlsx,Schedule X(c),E27,5450.3464000000004,144.75335204153521,,
HSA,reporting/bscr/reconcile/filled in templates/2026 BSCR - UKEU - HSA v2.xlsx,reporting/bscr/reconcile/2026 BSCR - UKEU - HSA.xlsx,Schedule X(c),E47,,0.37,,
HSA,reporting/bscr/reconcile/filled in templates/2026 BSCR - UKEU - HSA v2.xlsx,reporting/bscr/reconcile/2026 BSCR - UKEU - HSA.xlsx,Schedule X(c),E49,560,0.75600000000000001,,
HSA,reporting/bscr/reconcile/filled in templates/2026 BSCR - UKEU - HSA v2.xlsx,reporting/bscr/reconcile/2026 BSCR - UKEU - HSA.xlsx,Schedule X(c),E69,,200.17,,
HSA,reporting/bscr/reconcile/filled in templates/2026 BSCR - UKEU - HSA v2.xlsx,reporting/bscr/reconcile/2026 BSCR - UKEU - HSA.xlsx,Schedule X(c),E71,56095320.790210195,75728.683066783764,,
HSA,reporting/bscr/reconcile/filled in templates/2026 BSCR - UKEU - HSA v2.xlsx,reporting/bscr/reconcile/2026 BSCR - UKEU - HSA.xlsx,Schedule X(c),E91,,7.0000000000000007E-2,,
HSA,reporting/bscr/reconcile/filled in templates/2026 BSCR - UKEU - HSA v2.xlsx,reporting/bscr/reconcile/2026 BSCR - UKEU - HSA.xlsx,Schedule X(c),E93,20201.0808,27.271459080000003,,
HSA,reporting/bscr/reconcile/filled in templates/2026 BSCR - UKEU - HSA v2.xlsx,reporting/bscr/reconcile/2026 BSCR - UKEU - HSA.xlsx,Schedule X(c),F113,,7.0000000000000007E-2,,
HSA,reporting/bscr/reconcile/filled in templates/2026 BSCR - UKEU - HSA v2.xlsx,reporting/bscr/reconcile/2026 BSCR - UKEU - HSA.xlsx,Schedule X(c),F115,20201.0808,27.271459080000003,,
HSA,reporting/bscr/reconcile/filled in templates/2026 BSCR - UKEU - HSA v2.xlsx,reporting/bscr/reconcile/2026 BSCR - UKEU - HSA.xlsx,Schedule X(c),F25,,0.37,,
HSA,reporting/bscr/reconcile/filled in templates/2026 BSCR - UKEU - HSA v2.xlsx,reporting/bscr/reconcile/2026 BSCR - UKEU - HSA.xlsx,Schedule X(c),F27,5450.3464000000004,143.66396144153521,,
HSA,reporting/bscr/reconcile/filled in templates/2026 BSCR - UKEU - HSA v2.xlsx,reporting/bscr/reconcile/2026 BSCR - UKEU - HSA.xlsx,Schedule X(c),F47,,0.37,,
HSA,reporting/bscr/reconcile/filled in templates/2026 BSCR - UKEU - HSA v2.xlsx,reporting/bscr/reconcile/2026 BSCR - UKEU - HSA.xlsx,Schedule X(c),F49,560,0.75600000000000001,,
HSA,reporting/bscr/reconcile/filled in templates/2026 BSCR - UKEU - HSA v2.xlsx,reporting/bscr/reconcile/2026 BSCR - UKEU - HSA.xlsx,Schedule X(c),F69,,198.33,,
HSA,reporting/bscr/reconcile/filled in templates/2026 BSCR - UKEU - HSA v2.xlsx,reporting/bscr/reconcile/2026 BSCR - UKEU - HSA.xlsx,Schedule X(c),F71,54815369.875055291,74000.749331324638,,
HSA,reporting/bscr/reconcile/filled in templates/2026 BSCR - UKEU - HSA v2.xlsx,reporting/bscr/reconcile/2026 BSCR - UKEU - HSA.xlsx,Schedule X(c),F91,,7.0000000000000007E-2,,
HSA,reporting/bscr/reconcile/filled in templates/2026 BSCR - UKEU - HSA v2.xlsx,reporting/bscr/reconcile/2026 BSCR - UKEU - HSA.xlsx,Schedule X(c),F93,20201.0808,27.271459080000003,,
HSA,reporting/bscr/reconcile/filled in templates/2026 BSCR - UKEU - HSA v2.xlsx,reporting/bscr/reconcile/2026 BSCR - UKEU - HSA.xlsx,Schedule X(f),C49,,Territories covered individually too small to require modelled assessment of exposure,,
HSA,reporting/bscr/reconcile/filled in templates/2026 BSCR - UKEU - HSA v2.xlsx,reporting/bscr/reconcile/2026 BSCR - UKEU - HSA.xlsx,Schedule X(f),E20,,0,,
HSA,reporting/bscr/reconcile/filled in templates/2026 BSCR - UKEU - HSA v2.xlsx,reporting/bscr/reconcile/2026 BSCR - UKEU - HSA.xlsx,Schedule X(f),E28,76,,,
HSA,reporting/bscr/reconcile/filled in templates/2026 BSCR - UKEU - HSA v2.xlsx,reporting/bscr/reconcile/2026 BSCR - UKEU - HSA.xlsx,Schedule X(f),E29,,76,,
HSA,reporting/bscr/reconcile/filled in templates/2026 BSCR - UKEU - HSA v2.xlsx,reporting/bscr/reconcile/2026 BSCR - UKEU - HSA.xlsx,Schedule X(f),E43,,0,,
HSA,reporting/bscr/reconcile/filled in templates/2026 BSCR - UKEU - HSA v2.xlsx,reporting/bscr/reconcile/2026 BSCR - UKEU - HSA.xlsx,Schedule X(f),F10,101774.358815952,137,,
HSA,reporting/bscr/reconcile/filled in templates/2026 BSCR - UKEU - HSA v2.xlsx,reporting/bscr/reconcile/2026 BSCR - UKEU - HSA.xlsx,Schedule X(f),F12,101774.358815952,137,"{""origin"": ""E12"", ""formula"": ""SUM(E10:E11)"", ""ref"": ""E12:M12""}","{""origin"": ""E12"", ""formula"": ""SUM(E10:E11)"", ""ref"": ""E12:M12""}"
HSA,reporting/bscr/reconcile/filled in templates/2026 BSCR - UKEU - HSA v2.xlsx,reporting/bscr/reconcile/2026 BSCR - UKEU - HSA.xlsx,Schedule X(f),F19,101774.358815952,137,,
HSA,reporting/bscr/reconcile/filled in templates/2026 BSCR - UKEU - HSA v2.xlsx,reporting/bscr/reconcile/2026 BSCR - UKEU - HSA.xlsx,Schedule X(f),F20,,0,,
HSA,reporting/bscr/reconcile/filled in templates/2026 BSCR - UKEU - HSA v2.xlsx,reporting/bscr/reconcile/2026 BSCR - UKEU - HSA.xlsx,Schedule X(f),F21,101774.358815952,137,"{""origin"": ""E21"", ""formula"": ""SUM(E19:E20)"", ""ref"": ""E21:M21""}","{""origin"": ""E21"", ""formula"": ""SUM(E19:E20)"", ""ref"": ""E21:M21""}"
HSA,reporting/bscr/reconcile/filled in templates/2026 BSCR - UKEU - HSA v2.xlsx,reporting/bscr/reconcile/2026 BSCR - UKEU - HSA.xlsx,Schedule X(f),F28,101774.358815952,,,
HSA,reporting/bscr/reconcile/filled in templates/2026 BSCR - UKEU - HSA v2.xlsx,reporting/bscr/reconcile/2026 BSCR - UKEU - HSA.xlsx,Schedule X(f),F29,,137.39538440000001,,
HSA,reporting/bscr/reconcile/filled in templates/2026 BSCR - UKEU - HSA v2.xlsx,reporting/bscr/reconcile/2026 BSCR - UKEU - HSA.xlsx,Schedule X(f),F33,101774.358815952,137.39538440000001,"{""origin"": ""E33"", ""formula"": ""SUM(E28:E32)"", ""ref"": ""E33:M33""}","{""origin"": ""E33"", ""formula"": ""SUM(E28:E32)"", ""ref"": ""E33:M33""}"
HSA,reporting/bscr/reconcile/filled in templates/2026 BSCR - UKEU - HSA v2.xlsx,reporting/bscr/reconcile/2026 BSCR - UKEU - HSA.xlsx,Schedule X(f),F43,,0,,
HSA,reporting/bscr/reconcile/filled in templates/2026 BSCR - UKEU - HSA v2.xlsx,reporting/bscr/reconcile/2026 BSCR - UKEU - HSA.xlsx,Schedule X(f),G10,100967.40281595201,136,,
HSA,reporting/bscr/reconcile/filled in templates/2026 BSCR - UKEU - HSA v2.xlsx,reporting/bscr/reconcile/2026 BSCR - UKEU - HSA.xlsx,Schedule X(f),G12,100967.40281595201,136,"{""origin"": ""E12"", ""formula"": ""SUM(E10:E11)"", ""ref"": ""E12:M12""}","{""origin"": ""E12"", ""formula"": ""SUM(E10:E11)"", ""ref"": ""E12:M12""}"
HSA,reporting/bscr/reconcile/filled in templates/2026 BSCR - UKEU - HSA v2.xlsx,reporting/bscr/reconcile/2026 BSCR - UKEU - HSA.xlsx,Schedule X(f),G19,100967.40281595201,136,,
HSA,reporting/bscr/reconcile/filled in templates/2026 BSCR - UKEU - HSA v2.xlsx,reporting/bscr/reconcile/2026 BSCR - UKEU - HSA.xlsx,Schedule X(f),G20,,0,,
HSA,reporting/bscr/reconcile/filled in templates/2026 BSCR - UKEU - HSA v2.xlsx,reporting/bscr/reconcile/2026 BSCR - UKEU - HSA.xlsx,Schedule X(f),G21,100967.40281595201,136,"{""origin"": ""E21"", ""formula"": ""SUM(E19:E20)"", ""ref"": ""E21:M21""}","{""origin"": ""E21"", ""formula"": ""SUM(E19:E20)"", ""ref"": ""E21:M21""}"
HSA,reporting/bscr/reconcile/filled in templates/2026 BSCR - UKEU - HSA v2.xlsx,reporting/bscr/reconcile/2026 BSCR - UKEU - HSA.xlsx,Schedule X(f),G28,100967.40281595201,,,
HSA,reporting/bscr/reconcile/filled in templates/2026 BSCR - UKEU - HSA v2.xlsx,reporting/bscr/reconcile/2026 BSCR - UKEU - HSA.xlsx,Schedule X(f),G29,,136.30599380000001,,
HSA,reporting/bscr/reconcile/filled in templates/2026 BSCR - UKEU - HSA v2.xlsx,reporting/bscr/reconcile/2026 BSCR - UKEU - HSA.xlsx,Schedule X(f),G33,100967.40281595201,136.30599380000001,"{""origin"": ""E33"", ""formula"": ""SUM(E28:E32)"", ""ref"": ""E33:M33""}","{""origin"": ""E33"", ""formula"": ""SUM(E28:E32)"", ""ref"": ""E33:M33""}"
HSA,reporting/bscr/reconcile/filled in templates/2026 BSCR - UKEU - HSA v2.xlsx,reporting/bscr/reconcile/2026 BSCR - UKEU - HSA.xlsx,Schedule X(f),G43,,0,,
HSA,reporting/bscr/reconcile/filled in templates/2026 BSCR - UKEU - HSA v2.xlsx,reporting/bscr/reconcile/2026 BSCR - UKEU - HSA.xlsx,Schedule X(f),H10,89775,89953,,
HSA,reporting/bscr/reconcile/filled in templates/2026 BSCR - UKEU - HSA v2.xlsx,reporting/bscr/reconcile/2026 BSCR - UKEU - HSA.xlsx,Schedule X(f),H11,201,23,,
HSA,reporting/bscr/reconcile/filled in templates/2026 BSCR - UKEU - HSA v2.xlsx,reporting/bscr/reconcile/2026 BSCR - UKEU - HSA.xlsx,Schedule X(f),H19,89775,89729,,
HSA,reporting/bscr/reconcile/filled in templates/2026 BSCR - UKEU - HSA v2.xlsx,reporting/bscr/reconcile/2026 BSCR - UKEU - HSA.xlsx,Schedule X(f),H20,201,224,,
HSA,reporting/bscr/reconcile/filled in templates/2026 BSCR - UKEU - HSA v2.xlsx,reporting/bscr/reconcile/2026 BSCR - UKEU - HSA.xlsx,Schedule X(f),H21,89976,89953,"{""origin"": ""E21"", ""formula"": ""SUM(E19:E20)"", ""ref"": ""E21:M21""}","{""origin"": ""E21"", ""formula"": ""SUM(E19:E20)"", ""ref"": ""E21:M21""}"
HSA,reporting/bscr/reconcile/filled in templates/2026 BSCR - UKEU - HSA v2.xlsx,reporting/bscr/reconcile/2026 BSCR - UKEU - HSA.xlsx,Schedule X(f),H28,89775,89692,,
HSA,reporting/bscr/reconcile/filled in templates/2026 BSCR - UKEU - HSA v2.xlsx,reporting/bscr/reconcile/2026 BSCR - UKEU - HSA.xlsx,Schedule X(f),H29,,37,,
HSA,reporting/bscr/reconcile/filled in templates/2026 BSCR - UKEU - HSA v2.xlsx,reporting/bscr/reconcile/2026 BSCR - UKEU - HSA.xlsx,Schedule X(f),H33,89775,89729,"{""origin"": ""E33"", ""formula"": ""SUM(E28:E32)"", ""ref"": ""E33:M33""}","{""origin"": ""E33"", ""formula"": ""SUM(E28:E32)"", ""ref"": ""E33:M33""}"
HSA,reporting/bscr/reconcile/filled in templates/2026 BSCR - UKEU - HSA v2.xlsx,reporting/bscr/reconcile/2026 BSCR - UKEU - HSA.xlsx,Schedule X(f),H43,201,200,,
HSA,reporting/bscr/reconcile/filled in templates/2026 BSCR - UKEU - HSA v2.xlsx,reporting/bscr/reconcile/2026 BSCR - UKEU - HSA.xlsx,Schedule X(f),H44,,0,,
HSA,reporting/bscr/reconcile/filled in templates/2026 BSCR - UKEU - HSA v2.xlsx,reporting/bscr/reconcile/2026 BSCR - UKEU - HSA.xlsx,Schedule X(f),H45,,24,,
HSA,reporting/bscr/reconcile/filled in templates/2026 BSCR - UKEU - HSA v2.xlsx,reporting/bscr/reconcile/2026 BSCR - UKEU - HSA.xlsx,Schedule X(f),H46,201,224,"{""origin"": ""E46"", ""formula"": ""SUM(E43:E45)"", ""ref"": ""E46:M46""}","{""origin"": ""E46"", ""formula"": ""SUM(E43:E45)"", ""ref"": ""E46:M46""}"
HSA,reporting/bscr/reconcile/filled in templates/2026 BSCR - UKEU - HSA v2.xlsx,reporting/bscr/reconcile/2026 BSCR - UKEU - HSA.xlsx,Schedule X(f),H60,201,0,,
HSA,reporting/bscr/reconcile/filled in templates/2026 BSCR - UKEU - HSA v2.xlsx,reporting/bscr/reconcile/2026 BSCR - UKEU - HSA.xlsx,Schedule X(f),H61,,23,,
HSA,reporting/bscr/reconcile/filled in templates/2026 BSCR - UKEU - HSA v2.xlsx,reporting/bscr/reconcile/2026 BSCR - UKEU - HSA.xlsx,Schedule X(f),H62,,0,,
HSA,reporting/bscr/reconcile/filled in templates/2026 BSCR - UKEU - HSA v2.xlsx,reporting/bscr/reconcile/2026 BSCR - UKEU - HSA.xlsx,Schedule X(f),H63,,0,,
HSA,reporting/bscr/reconcile/filled in templates/2026 BSCR - UKEU - HSA v2.xlsx,reporting/bscr/reconcile/2026 BSCR - UKEU - HSA.xlsx,Schedule X(f),H64,201,23,"{""origin"": ""E64"", ""formula"": ""SUM(E60:E63)"", ""ref"": ""E64:M64""}","{""origin"": ""E64"", ""formula"": ""SUM(E60:E63)"", ""ref"": ""E64:M64""}"
HSA,reporting/bscr/reconcile/filled in templates/2026 BSCR - UKEU - HSA v2.xlsx,reporting/bscr/reconcile/2026 BSCR - UKEU - HSA.xlsx,Schedule X(f),I10,77110133.158741742,104464,,
HSA,reporting/bscr/reconcile/filled in templates/2026 BSCR - UKEU - HSA v2.xlsx,reporting/bscr/reconcile/2026 BSCR - UKEU - HSA.xlsx,Schedule X(f),I11,349291.12870018999,107,,
HSA,reporting/bscr/reconcile/filled in templates/2026 BSCR - UKEU - HSA v2.xlsx,reporting/bscr/reconcile/2026 BSCR - UKEU - HSA.xlsx,Schedule X(f),I12,77459424.287441939,104571,"{""origin"": ""E12"", ""formula"": ""SUM(E10:E11)"", ""ref"": ""E12:M12""}","{""origin"": ""E12"", ""formula"": ""SUM(E10:E11)"", ""ref"": ""E12:M12""}"
HSA,reporting/bscr/reconcile/filled in templates/2026 BSCR - UKEU - HSA v2.xlsx,reporting/bscr/reconcile/2026 BSCR - UKEU - HSA.xlsx,Schedule X(f),I19,77110133.158741742,103813,,
HSA,reporting/bscr/reconcile/filled in templates/2026 BSCR - UKEU - HSA v2.xlsx,reporting/bscr/reconcile/2026 BSCR - UKEU - HSA.xlsx,Schedule X(f),I20,349291.12870018999,650,,
HSA,reporting/bscr/reconcile/filled in templates/2026 BSCR - UKEU - HSA v2.xlsx,reporting/bscr/reconcile/2026 BSCR - UKEU - HSA.xlsx,Schedule X(f),I21,77459424.287441939,104463,"{""origin"": ""E21"", ""formula"": ""SUM(E19:E20)"", ""ref"": ""E21:M21""}","{""origin"": ""E21"", ""formula"": ""SUM(E19:E20)"", ""ref"": ""E21:M21""}"
HSA,reporting/bscr/reconcile/filled in templates/2026 BSCR - UKEU - HSA v2.xlsx,reporting/bscr/reconcile/2026 BSCR - UKEU - HSA.xlsx,Schedule X(f),I28,77110133.158741742,103783,,
HSA,reporting/bscr/reconcile/filled in templates/2026 BSCR - UKEU - HSA v2.xlsx,reporting/bscr/reconcile/2026 BSCR - UKEU - HSA.xlsx,Schedule X(f),I29,,30,,
HSA,reporting/bscr/reconcile/filled in templates/2026 BSCR - UKEU - HSA v2.xlsx,reporting/bscr/reconcile/2026 BSCR - UKEU - HSA.xlsx,Schedule X(f),I33,77110133.158741742,103813,"{""origin"": ""E33"", ""formula"": ""SUM(E28:E32)"", ""ref"": ""E33:M33""}","{""origin"": ""E33"", ""formula"": ""SUM(E28:E32)"", ""ref"": ""E33:M33""}"
HSA,reporting/bscr/reconcile/filled in templates/2026 BSCR - UKEU - HSA v2.xlsx,reporting/bscr/reconcile/2026 BSCR - UKEU - HSA.xlsx,Schedule X(f),I43,349291.12870018999,472,,
HSA,reporting/bscr/reconcile/filled in templates/2026 BSCR - UKEU - HSA v2.xlsx,reporting/bscr/reconcile/2026 BSCR - UKEU - HSA.xlsx,Schedule X(f),I44,,0,,
HSA,reporting/bscr/reconcile/filled in templates/2026 BSCR - UKEU - HSA v2.xlsx,reporting/bscr/reconcile/2026 BSCR - UKEU - HSA.xlsx,Schedule X(f),I45,,179,,
HSA,reporting/bscr/reconcile/filled in templates/2026 BSCR - UKEU - HSA v2.xlsx,reporting/bscr/reconcile/2026 BSCR - UKEU - HSA.xlsx,Schedule X(f),I46,349291.12870018999,651,"{""origin"": ""E46"", ""formula"": ""SUM(E43:E45)"", ""ref"": ""E46:M46""}","{""origin"": ""E46"", ""formula"": ""SUM(E43:E45)"", ""ref"": ""E46:M46""}"
HSA,reporting/bscr/reconcile/filled in templates/2026 BSCR - UKEU - HSA v2.xlsx,reporting/bscr/reconcile/2026 BSCR - UKEU - HSA.xlsx,Schedule X(f),I60,349291.12870018999,0,,
HSA,reporting/bscr/reconcile/filled in templates/2026 BSCR - UKEU - HSA v2.xlsx,reporting/bscr/reconcile/2026 BSCR - UKEU - HSA.xlsx,Schedule X(f),I61,,106.6003024,,
HSA,reporting/bscr/reconcile/filled in templates/2026 BSCR - UKEU - HSA v2.xlsx,reporting/bscr/reconcile/2026 BSCR - UKEU - HSA.xlsx,Schedule X(f),I62,,0,,
HSA,reporting/bscr/reconcile/filled in templates/2026 BSCR - UKEU - HSA v2.xlsx,reporting/bscr/reconcile/2026 BSCR - UKEU - HSA.xlsx,Schedule X(f),I63,,0,,
HSA,reporting/bscr/reconcile/filled in templates/2026 BSCR - UKEU - HSA v2.xlsx,reporting/bscr/reconcile/2026 BSCR - UKEU - HSA.xlsx,Schedule X(f),I64,349291.12870018999,106.6003024,"{""origin"": ""E64"", ""formula"": ""SUM(E60:E63)"", ""ref"": ""E64:M64""}","{""origin"": ""E64"", ""formula"": ""SUM(E60:E63)"", ""ref"": ""E64:M64""}"
HSA,reporting/bscr/reconcile/filled in templates/2026 BSCR - UKEU - HSA v2.xlsx,reporting/bscr/reconcile/2026 BSCR - UKEU - HSA.xlsx,Schedule X(f),J10,75414340.976338953,102203,,
HSA,reporting/bscr/reconcile/filled in templates/2026 BSCR - UKEU - HSA v2.xlsx,reporting/bscr/reconcile/2026 BSCR - UKEU - HSA.xlsx,Schedule X(f),J11,349291.12870018999,78,,
HSA,reporting/bscr/reconcile/filled in templates/2026 BSCR - UKEU - HSA v2.xlsx,reporting/bscr/reconcile/2026 BSCR - UKEU - HSA.xlsx,Schedule X(f),J12,75763632.10503915,102281,"{""origin"": ""E12"", ""formula"": ""SUM(E10:E11)"", ""ref"": ""E12:M12""}","{""origin"": ""E12"", ""formula"": ""SUM(E10:E11)"", ""ref"": ""E12:M12""}"
HSA,reporting/bscr/reconcile/filled in templates/2026 BSCR - UKEU - HSA v2.xlsx,reporting/bscr/reconcile/2026 BSCR - UKEU - HSA.xlsx,Schedule X(f),J19,75414340.976338953,101632,,
HSA,reporting/bscr/reconcile/filled in templates/2026 BSCR - UKEU - HSA v2.xlsx,reporting/bscr/reconcile/2026 BSCR - UKEU - HSA.xlsx,Schedule X(f),J20,349291.12870018999,571,,
HSA,reporting/bscr/reconcile/filled in templates/2026 BSCR - UKEU - HSA v2.xlsx,reporting/bscr/reconcile/2026 BSCR - UKEU - HSA.xlsx,Schedule X(f),J21,75763632.10503915,102203,"{""origin"": ""E21"", ""formula"": ""SUM(E19:E20)"", ""ref"": ""E21:M21""}","{""origin"": ""E21"", ""formula"": ""SUM(E19:E20)"", ""ref"": ""E21:M21""}"
HSA,reporting/bscr/reconcile/filled in templates/2026 BSCR - UKEU - HSA v2.xlsx,reporting/bscr/reconcile/2026 BSCR - UKEU - HSA.xlsx,Schedule X(f),J28,75414340.976338953,101602,,
HSA,reporting/bscr/reconcile/filled in templates/2026 BSCR - UKEU - HSA v2.xlsx,reporting/bscr/reconcile/2026 BSCR - UKEU - HSA.xlsx,Schedule X(f),J29,,30,,
HSA,reporting/bscr/reconcile/filled in templates/2026 BSCR - UKEU - HSA v2.xlsx,reporting/bscr/reconcile/2026 BSCR - UKEU - HSA.xlsx,Schedule X(f),J33,75414340.976338953,101632,"{""origin"": ""E33"", ""formula"": ""SUM(E28:E32)"", ""ref"": ""E33:M33""}","{""origin"": ""E33"", ""formula"": ""SUM(E28:E32)"", ""ref"": ""E33:M33""}"
HSA,reporting/bscr/reconcile/filled in templates/2026 BSCR - UKEU - HSA v2.xlsx,reporting/bscr/reconcile/2026 BSCR - UKEU - HSA.xlsx,Schedule X(f),J43,349291.12870018999,472,,
HSA,reporting/bscr/reconcile/filled in templates/2026 BSCR - UKEU - HSA v2.xlsx,reporting/bscr/reconcile/2026 BSCR - UKEU - HSA.xlsx,Schedule X(f),J44,,0,,
HSA,reporting/bscr/reconcile/filled in templates/2026 BSCR - UKEU - HSA v2.xlsx,reporting/bscr/reconcile/2026 BSCR - UKEU - HSA.xlsx,Schedule X(f),J45,,100,,
HSA,reporting/bscr/reconcile/filled in templates/2026 BSCR - UKEU - HSA v2.xlsx,reporting/bscr/reconcile/2026 BSCR - UKEU - HSA.xlsx,Schedule X(f),J46,349291.12870018999,572,"{""origin"": ""E46"", ""formula"": ""SUM(E43:E45)"", ""ref"": ""E46:M46""}","{""origin"": ""E46"", ""formula"": ""SUM(E43:E45)"", ""ref"": ""E46:M46""}"
HSA,reporting/bscr/reconcile/filled in templates/2026 BSCR - UKEU - HSA v2.xlsx,reporting/bscr/reconcile/2026 BSCR - UKEU - HSA.xlsx,Schedule X(f),J60,349291.12870018999,0,,
HSA,reporting/bscr/reconcile/filled in templates/2026 BSCR - UKEU - HSA v2.xlsx,reporting/bscr/reconcile/2026 BSCR - UKEU - HSA.xlsx,Schedule X(f),J61,,78.120219120000002,,
HSA,reporting/bscr/reconcile/filled in templates/2026 BSCR - UKEU - HSA v2.xlsx,reporting/bscr/reconcile/2026 BSCR - UKEU - HSA.xlsx,Schedule X(f),J62,,0,,
HSA,reporting/bscr/reconcile/filled in templates/2026 BSCR - UKEU - HSA v2.xlsx,reporting/bscr/reconcile/2026 BSCR - UKEU - HSA.xlsx,Schedule X(f),J63,,0,,
HSA,reporting/bscr/reconcile/filled in templates/2026 BSCR - UKEU - HSA v2.xlsx,reporting/bscr/reconcile/2026 BSCR - UKEU - HSA.xlsx,Schedule X(f),J64,349291.12870018999,78.120219120000002,"{""origin"": ""E64"", ""formula"": ""SUM(E60:E63)"", ""ref"": ""E64:M64""}","{""origin"": ""E64"", ""formula"": ""SUM(E60:E63)"", ""ref"": ""E64:M64""}"
HSA,reporting/bscr/reconcile/filled in templates/2026 BSCR - UKEU - HSA v2.xlsx,reporting/bscr/reconcile/2026 BSCR - UKEU - HSA.xlsx,Schedule X(f),K10,89851,90029,H10+E10,H10+E10
HSA,reporting/bscr/reconcile/filled in templates/2026 BSCR - UKEU - HSA v2.xlsx,reporting/bscr/reconcile/2026 BSCR - UKEU - HSA.xlsx,Schedule X(f),K11,201,23,"{""origin"": ""K10"", ""formula"": ""H10+E10"", ""ref"": ""K10:M11""}","{""origin"": ""K10"", ""formula"": ""H10+E10"", ""ref"": ""K10:M11""}"
HSA,reporting/bscr/reconcile/filled in templates/2026 BSCR - UKEU - HSA v2.xlsx,reporting/bscr/reconcile/2026 BSCR - UKEU - HSA.xlsx,Schedule X(f),K19,89851,89805,H19+E19,H19+E19
HSA,reporting/bscr/reconcile/filled in templates/2026 BSCR - UKEU - HSA v2.xlsx,reporting/bscr/reconcile/2026 BSCR - UKEU - HSA.xlsx,Schedule X(f),K20,201,224,"{""origin"": ""K19"", ""formula"": ""H19+E19"", ""ref"": ""K19:L21""}","{""origin"": ""K19"", ""formula"": ""H19+E19"", ""ref"": ""K19:L21""}"
HSA,reporting/bscr/reconcile/filled in templates/2026 BSCR - UKEU - HSA v2.xlsx,reporting/bscr/reconcile/2026 BSCR - UKEU - HSA.xlsx,Schedule X(f),K21,90052,90029,"{""origin"": ""K19"", ""formula"": ""H19+E19"", ""ref"": ""K19:L21""}","{""origin"": ""K19"", ""formula"": ""H19+E19"", ""ref"": ""K19:L21""}"
HSA,reporting/bscr/reconcile/filled in templates/2026 BSCR - UKEU - HSA v2.xlsx,reporting/bscr/reconcile/2026 BSCR - UKEU - HSA.xlsx,Schedule X(f),K28,89851,89692,H28+E28,H28+E28
HSA,reporting/bscr/reconcile/filled in templates/2026 BSCR - UKEU - HSA v2.xlsx,reporting/bscr/reconcile/2026 BSCR - UKEU - HSA.xlsx,Schedule X(f),K29,0,113,"{""origin"": ""K28"", ""formula"": ""H28+E28"", ""ref"": ""K28:L32""}","{""origin"": ""K28"", ""formula"": ""H28+E28"", ""ref"": ""K28:L32""}"
HSA,reporting/bscr/reconcile/filled in templates/2026 BSCR - UKEU - HSA v2.xlsx,reporting/bscr/reconcile/2026 BSCR - UKEU - HSA.xlsx,Schedule X(f),K33,89851,89805,"{""origin"": ""E33"", ""formula"": ""SUM(E28:E32)"", ""ref"": ""E33:M33""}","{""origin"": ""E33"", ""formula"": ""SUM(E28:E32)"", ""ref"": ""E33:M33""}"
HSA,reporting/bscr/reconcile/filled in templates/2026 BSCR - UKEU - HSA v2.xlsx,reporting/bscr/reconcile/2026 BSCR - UKEU - HSA.xlsx,Schedule X(f),K43,201,200,H43+E43,H43+E43
HSA,reporting/bscr/reconcile/filled in templates/2026 BSCR - UKEU - HSA v2.xlsx,reporting/bscr/reconcile/2026 BSCR - UKEU - HSA.xlsx,Schedule X(f),K45,0,24,"{""origin"": ""K43"", ""formula"": ""H43+E43"", ""ref"": ""K43:L45""}","{""origin"": ""K43"", ""formula"": ""H43+E43"", ""ref"": ""K43:L45""}"
HSA,reporting/bscr/reconcile/filled in templates/2026 BSCR - UKEU - HSA v2.xlsx,reporting/bscr/reconcile/2026 BSCR - UKEU - HSA.xlsx,Schedule X(f),K46,201,224,"{""origin"": ""E46"", ""formula"": ""SUM(E43:E45)"", ""ref"": ""E46:M46""}","{""origin"": ""E46"", ""formula"": ""SUM(E43:E45)"", ""ref"": ""E46:M46""}"
HSA,reporting/bscr/reconcile/filled in templates/2026 BSCR - UKEU - HSA v2.xlsx,reporting/bscr/reconcile/2026 BSCR - UKEU - HSA.xlsx,Schedule X(f),K60,201,0,H60+E60,H60+E60
HSA,reporting/bscr/reconcile/filled in templates/2026 BSCR - UKEU - HSA v2.xlsx,reporting/bscr/reconcile/2026 BSCR - UKEU - HSA.xlsx,Schedule X(f),K61,0,23,"{""origin"": ""K60"", ""formula"": ""H60+E60"", ""ref"": ""K60:L63""}","{""origin"": ""K60"", ""formula"": ""H60+E60"", ""ref"": ""K60:L63""}"
HSA,reporting/bscr/reconcile/filled in templates/2026 BSCR - UKEU - HSA v2.xlsx,reporting/bscr/reconcile/2026 BSCR - UKEU - HSA.xlsx,Schedule X(f),K64,201,23,"{""origin"": ""E64"", ""formula"": ""SUM(E60:E63)"", ""ref"": ""E64:M64""}","{""origin"": ""E64"", ""formula"": ""SUM(E60:E63)"", ""ref"": ""E64:M64""}"
HSA,reporting/bscr/reconcile/filled in templates/2026 BSCR - UKEU - HSA v2.xlsx,reporting/bscr/reconcile/2026 BSCR - UKEU - HSA.xlsx,Schedule X(f),L10,77211907.517557696,104601,"{""origin"": ""K10"", ""formula"": ""H10+E10"", ""ref"": ""K10:M11""}","{""origin"": ""K10"", ""formula"": ""H10+E10"", ""ref"": ""K10:M11""}"
HSA,reporting/bscr/reconcile/filled in templates/2026 BSCR - UKEU - HSA v2.xlsx,reporting/bscr/reconcile/2026 BSCR - UKEU - HSA.xlsx,Schedule X(f),L11,349291.12870018999,107,"{""origin"": ""K10"", ""formula"": ""H10+E10"", ""ref"": ""K10:M11""}","{""origin"": ""K10"", ""formula"": ""H10+E10"", ""ref"": ""K10:M11""}"
HSA,reporting/bscr/reconcile/filled in templates/2026 BSCR - UKEU - HSA v2.xlsx,reporting/bscr/reconcile/2026 BSCR - UKEU - HSA.xlsx,Schedule X(f),L12,77561198.646257892,104708,I12+F12,I12+F12
HSA,reporting/bscr/reconcile/filled in templates/2026 BSCR - UKEU - HSA v2.xlsx,reporting/bscr/reconcile/2026 BSCR - UKEU - HSA.xlsx,Schedule X(f),L19,77211907.517557696,103950,"{""origin"": ""K19"", ""formula"": ""H19+E19"", ""ref"": ""K19:L21""}","{""origin"": ""K19"", ""formula"": ""H19+E19"", ""ref"": ""K19:L21""}"
HSA,reporting/bscr/reconcile/filled in templates/2026 BSCR - UKEU - HSA v2.xlsx,reporting/bscr/reconcile/2026 BSCR - UKEU - HSA.xlsx,Schedule X(f),L20,349291.12870018999,650,"{""origin"": ""K19"", ""formula"": ""H19+E19"", ""ref"": ""K19:L21""}","{""origin"": ""K19"", ""formula"": ""H19+E19"", ""ref"": ""K19:L21""}"
HSA,reporting/bscr/reconcile/filled in templates/2026 BSCR - UKEU - HSA v2.xlsx,reporting/bscr/reconcile/2026 BSCR - UKEU - HSA.xlsx,Schedule X(f),L21,77561198.646257892,104600,"{""origin"": ""K19"", ""formula"": ""H19+E19"", ""ref"": ""K19:L21""}","{""origin"": ""K19"", ""formula"": ""H19+E19"", ""ref"": ""K19:L21""}"
HSA,reporting/bscr/reconcile/filled in templates/2026 BSCR - UKEU - HSA v2.xlsx,reporting/bscr/reconcile/2026 BSCR - UKEU - HSA.xlsx,Schedule X(f),L28,77211907.517557696,103783,"{""origin"": ""K28"", ""formula"": ""H28+E28"", ""ref"": ""K28:L32""}","{""origin"": ""K28"", ""formula"": ""H28+E28"", ""ref"": ""K28:L32""}"
HSA,reporting/bscr/reconcile/filled in templates/2026 BSCR - UKEU - HSA v2.xlsx,reporting/bscr/reconcile/2026 BSCR - UKEU - HSA.xlsx,Schedule X(f),L29,0,167.39538440000001,"{""origin"": ""K28"", ""formula"": ""H28+E28"", ""ref"": ""K28:L32""}","{""origin"": ""K28"", ""formula"": ""H28+E28"", ""ref"": ""K28:L32""}"
HSA,reporting/bscr/reconcile/filled in templates/2026 BSCR - UKEU - HSA v2.xlsx,reporting/bscr/reconcile/2026 BSCR - UKEU - HSA.xlsx,Schedule X(f),L33,77211907.517557696,103950.39538440001,I33+F33,I33+F33
HSA,reporting/bscr/reconcile/filled in templates/2026 BSCR - UKEU - HSA v2.xlsx,reporting/bscr/reconcile/2026 BSCR - UKEU - HSA.xlsx,Schedule X(f),L43,349291.12870018999,472,"{""origin"": ""K43"", ""formula"": ""H43+E43"", ""ref"": ""K43:L45""}","{""origin"": ""K43"", ""formula"": ""H43+E43"", ""ref"": ""K43:L45""}"
HSA,reporting/bscr/reconcile/filled in templates/2026 BSCR - UKEU - HSA v2.xlsx,reporting/bscr/reconcile/2026 BSCR - UKEU - HSA.xlsx,Schedule X(f),L45,0,179,"{""origin"": ""K43"", ""formula"": ""H43+E43"", ""ref"": ""K43:L45""}","{""origin"": ""K43"", ""formula"": ""H43+E43"", ""ref"": ""K43:L45""}"
HSA,reporting/bscr/reconcile/filled in templates/2026 BSCR - UKEU - HSA v2.xlsx,reporting/bscr/reconcile/2026 BSCR - UKEU - HSA.xlsx,Schedule X(f),L46,349291.12870018999,651,I46+F46,I46+F46
HSA,reporting/bscr/reconcile/filled in templates/2026 BSCR - UKEU - HSA v2.xlsx,reporting/bscr/reconcile/2026 BSCR - UKEU - HSA.xlsx,Schedule X(f),L60,349291.12870018999,0,"{""origin"": ""K60"", ""formula"": ""H60+E60"", ""ref"": ""K60:L63""}","{""origin"": ""K60"", ""formula"": ""H60+E60"", ""ref"": ""K60:L63""}"
HSA,reporting/bscr/reconcile/filled in templates/2026 BSCR - UKEU - HSA v2.xlsx,reporting/bscr/reconcile/2026 BSCR - UKEU - HSA.xlsx,Schedule X(f),L61,0,106.6003024,"{""origin"": ""K60"", ""formula"": ""H60+E60"", ""ref"": ""K60:L63""}","{""origin"": ""K60"", ""formula"": ""H60+E60"", ""ref"": ""K60:L63""}"
HSA,reporting/bscr/reconcile/filled in templates/2026 BSCR - UKEU - HSA v2.xlsx,reporting/bscr/reconcile/2026 BSCR - UKEU - HSA.xlsx,Schedule X(f),L64,349291.12870018999,106.6003024,I64+F64,I64+F64
HSA,reporting/bscr/reconcile/filled in templates/2026 BSCR - UKEU - HSA v2.xlsx,reporting/bscr/reconcile/2026 BSCR - UKEU - HSA.xlsx,Schedule X(f),M10,75515308.379154906,102339,"{""origin"": ""K10"", ""formula"": ""H10+E10"", ""ref"": ""K10:M11""}","{""origin"": ""K10"", ""formula"": ""H10+E10"", ""ref"": ""K10:M11""}"
HSA,reporting/bscr/reconcile/filled in templates/2026 BSCR - UKEU - HSA v2.xlsx,reporting/bscr/reconcile/2026 BSCR - UKEU - HSA.xlsx,Schedule X(f),M11,349291.12870018999,78,"{""origin"": ""K10"", ""formula"": ""H10+E10"", ""ref"": ""K10:M11""}","{""origin"": ""K10"", ""formula"": ""H10+E10"", ""ref"": ""K10:M11""}"
HSA,reporting/bscr/reconcile/filled in templates/2026 BSCR - UKEU - HSA v2.xlsx,reporting/bscr/reconcile/2026 BSCR - UKEU - HSA.xlsx,Schedule X(f),M12,75864599.507855102,102417,"{""origin"": ""E12"", ""formula"": ""SUM(E10:E11)"", ""ref"": ""E12:M12""}","{""origin"": ""E12"", ""formula"": ""SUM(E10:E11)"", ""ref"": ""E12:M12""}"
HSA,reporting/bscr/reconcile/filled in templates/2026 BSCR - UKEU - HSA v2.xlsx,reporting/bscr/reconcile/2026 BSCR - UKEU - HSA.xlsx,Schedule X(f),M19,75515308.379154906,101768,J19+G19,J19+G19
HSA,reporting/bscr/reconcile/filled in templates/2026 BSCR - UKEU - HSA v2.xlsx,reporting/bscr/reconcile/2026 BSCR - UKEU - HSA.xlsx,Schedule X(f),M20,349291.12870018999,571,J20+G20,J20+G20
HSA,reporting/bscr/reconcile/filled in templates/2026 BSCR - UKEU - HSA v2.xlsx,reporting/bscr/reconcile/2026 BSCR - UKEU - HSA.xlsx,Schedule X(f),M21,75864599.507855102,102339,"{""origin"": ""E21"", ""formula"": ""SUM(E19:E20)"", ""ref"": ""E21:M21""}","{""origin"": ""E21"", ""formula"": ""SUM(E19:E20)"", ""ref"": ""E21:M21""}"
HSA,reporting/bscr/reconcile/filled in templates/2026 BSCR - UKEU - HSA v2.xlsx,reporting/bscr/reconcile/2026 BSCR - UKEU - HSA.xlsx,Schedule X(f),M28,75515308.379154906,101602,J28+G28,J28+G28
HSA,reporting/bscr/reconcile/filled in templates/2026 BSCR - UKEU - HSA v2.xlsx,reporting/bscr/reconcile/2026 BSCR - UKEU - HSA.xlsx,Schedule X(f),M29,0,166.30599380000001,J29+G29,J29+G29
HSA,reporting/bscr/reconcile/filled in templates/2026 BSCR - UKEU - HSA v2.xlsx,reporting/bscr/reconcile/2026 BSCR - UKEU - HSA.xlsx,Schedule X(f),M33,75515308.379154906,101768.30599379999,"{""origin"": ""E33"", ""formula"": ""SUM(E28:E32)"", ""ref"": ""E33:M33""}","{""origin"": ""E33"", ""formula"": ""SUM(E28:E32)"", ""ref"": ""E33:M33""}"
HSA,reporting/bscr/reconcile/filled in templates/2026 BSCR - UKEU - HSA v2.xlsx,reporting/bscr/reconcile/2026 BSCR - UKEU - HSA.xlsx,Schedule X(f),M43,349291.12870018999,472,J43+G43,J43+G43
HSA,reporting/bscr/reconcile/filled in templates/2026 BSCR - UKEU - HSA v2.xlsx,reporting/bscr/reconcile/2026 BSCR - UKEU - HSA.xlsx,Schedule X(f),M45,0,100,J45+G45,J45+G45
HSA,reporting/bscr/reconcile/filled in templates/2026 BSCR - UKEU - HSA v2.xlsx,reporting/bscr/reconcile/2026 BSCR - UKEU - HSA.xlsx,Schedule X(f),M46,349291.12870018999,572,"{""origin"": ""E46"", ""formula"": ""SUM(E43:E45)"", ""ref"": ""E46:M46""}","{""origin"": ""E46"", ""formula"": ""SUM(E43:E45)"", ""ref"": ""E46:M46""}"
HSA,reporting/bscr/reconcile/filled in templates/2026 BSCR - UKEU - HSA v2.xlsx,reporting/bscr/reconcile/2026 BSCR - UKEU - HSA.xlsx,Schedule X(f),M60,349291.12870018999,0,J60+G60,J60+G60
HSA,reporting/bscr/reconcile/filled in templates/2026 BSCR - UKEU - HSA v2.xlsx,reporting/bscr/reconcile/2026 BSCR - UKEU - HSA.xlsx,Schedule X(f),M61,0,78.120219120000002,J61+G61,J61+G61
HSA,reporting/bscr/reconcile/filled in templates/2026 BSCR - UKEU - HSA v2.xlsx,reporting/bscr/reconcile/2026 BSCR - UKEU - HSA.xlsx,Schedule X(f),M64,349291.12870018999,78.120219120000002,"{""origin"": ""E64"", ""formula"": ""SUM(E60:E63)"", ""ref"": ""E64:M64""}","{""origin"": ""E64"", ""formula"": ""SUM(E60:E63)"", ""ref"": ""E64:M64""}"
